City_ID,City,Lat,Lng,Max Temp,Humidity,Cloudiness,Wind Speed,Country,Date
0,Rikitea,-23.1203,-134.9692,78.33,74,0,13.24,PF,2021-01-22 21:51:25
1,Constitucion,-35.3333,-72.4167,66.58,68,17,6.08,CL,2021-01-22 21:52:30
2,Airai,-8.9266,125.4092,61.95,100,98,2.1,TL,2021-01-22 21:52:11
3,Cape Town,-33.9258,18.4232,72.0,94,20,12.66,ZA,2021-01-22 21:51:51
4,Busselton,-33.65,115.3333,60.01,97,0,6.55,AU,2021-01-22 21:51:44
5,Ambovombe,-25.1667,46.0833,78.78,90,95,8.14,MG,2021-01-22 21:53:19
6,Upernavik,72.7868,-56.1549,18.86,83,8,5.28,GL,2021-01-22 21:47:46
7,Hithadhoo,-0.6,73.0833,81.9,72,99,5.75,MV,2021-01-22 21:52:06
8,Mar Del Plata,-38.0023,-57.5575,78.8,69,0,16.11,AR,2021-01-22 21:49:12
9,Ushuaia,-54.8,-68.3,57.2,35,40,13.8,AR,2021-01-22 21:49:05
10,Butaritari,3.0707,172.7902,79.32,83,54,10.42,KI,2021-01-22 21:51:34
11,Hualmay,-11.0964,-77.6139,74.57,70,42,10.58,PE,2021-01-22 21:53:20
12,Matara,5.9485,80.5353,74.71,87,20,10.38,LK,2021-01-22 21:52:28
13,East London,-33.0153,27.9116,76.82,89,52,13.89,ZA,2021-01-22 21:47:39
14,Omboue,-1.5746,9.2618,77.22,88,100,4.92,GA,2021-01-22 21:52:09
15,Ribeira Grande,38.5167,-28.7,62.6,94,75,14.97,PT,2021-01-22 21:47:38
16,Georgetown,5.4112,100.3354,80.01,83,20,2.3,MY,2021-01-22 21:51:38
17,Kapaa,22.0752,-159.319,77.0,78,75,19.57,US,2021-01-22 21:51:34
18,Mataura,-46.1927,168.8643,55.99,70,100,17.0,NZ,2021-01-22 21:51:31
19,Talnakh,69.4865,88.3972,-37.5,72,5,1.32,RU,2021-01-22 21:51:54
20,Khatanga,71.9667,102.5,-32.17,84,97,8.41,RU,2021-01-22 21:51:36
21,Vaini,-21.2,-175.2,75.2,100,90,3.44,TO,2021-01-22 21:47:34
22,Hilpoltstein,49.19,11.1886,39.2,87,0,3.44,DE,2021-01-22 21:53:21
23,Hermanus,-34.4187,19.2345,64.99,92,0,4.79,ZA,2021-01-22 21:51:49
24,Mocuba,-16.8392,36.9856,72.57,94,100,4.9,MZ,2021-01-22 21:53:22
25,Arraial Do Cabo,-22.9661,-42.0278,78.8,73,40,11.5,BR,2021-01-22 21:51:28
26,Atyrau,47.1167,51.8833,28.4,100,90,8.95,KZ,2021-01-22 21:50:00
27,Innisfail,-17.5333,146.0333,70.0,84,26,3.0,AU,2021-01-22 21:53:22
28,Butzow,53.85,11.9833,39.0,80,20,6.91,DE,2021-01-22 21:53:23
29,Cherskiy,68.75,161.3,-30.05,83,100,4.43,RU,2021-01-22 21:51:31
30,Albany,42.6001,-73.9662,36.0,58,91,10.18,US,2021-01-22 21:51:26
31,Iquique,-20.2208,-70.1431,73.4,64,0,20.71,CL,2021-01-22 21:48:49
32,Lasa,46.6166,10.7002,37.0,100,90,4.07,IT,2021-01-22 21:51:56
33,Tazovskiy,67.4667,78.7,-41.98,79,5,6.62,RU,2021-01-22 21:48:10
34,Ketchikan,55.3422,-131.6461,35.6,75,20,6.91,US,2021-01-22 21:52:21
35,Thompson,55.7435,-97.8558,-7.6,77,75,9.22,CA,2021-01-22 21:51:32
36,Saldanha,-33.0117,17.9442,64.4,88,2,10.36,ZA,2021-01-22 21:52:38
37,Half Moon Bay,37.4636,-122.4286,53.6,87,75,6.91,US,2021-01-22 21:53:24
38,Berlevag,70.8578,29.0864,14.0,73,98,13.8,NO,2021-01-22 21:53:24
39,Dongsheng,39.8161,109.9776,21.54,79,0,7.4,CN,2021-01-22 21:53:24
40,Punta Arenas,-53.15,-70.9167,57.2,33,40,21.85,CL,2021-01-22 21:46:54
41,Santa Isabel,-23.3156,-46.2214,78.8,78,90,3.44,BR,2021-01-22 21:53:24
42,Victoria,22.2855,114.1577,66.0,89,0,5.77,HK,2021-01-22 21:50:08
43,Bluff,-46.6,168.3333,55.99,70,55,17.0,NZ,2021-01-22 21:51:29
44,Andra,62.5147,65.8878,-36.65,81,0,4.38,RU,2021-01-22 21:53:25
45,Namatanai,-3.6667,152.4333,82.65,67,100,4.92,PG,2021-01-22 21:53:25
46,Aitape,-3.1374,142.3475,79.72,79,100,4.25,PG,2021-01-22 21:53:25
47,Sambava,-14.2667,50.1667,77.61,87,90,6.38,MG,2021-01-22 21:52:12
48,Bakal,54.9417,58.8083,-7.85,91,87,2.68,RU,2021-01-22 21:53:26
49,Quimper,48.0,-4.1,39.2,87,90,3.44,FR,2021-01-22 21:53:26
50,Cayenne,4.9333,-52.3333,78.8,94,20,5.75,GF,2021-01-22 21:51:29
51,Ahuimanu,21.4447,-157.8378,80.6,50,40,18.41,US,2021-01-22 21:53:26
52,Ornskoldsvik,63.2909,18.7153,33.8,100,90,17.27,SE,2021-01-22 21:52:12
53,Ilulissat,69.2167,-51.1,23.0,46,39,4.61,GL,2021-01-22 21:51:34
54,Castro,-24.7911,-50.0119,66.58,93,100,6.55,BR,2021-01-22 21:47:31
55,Jamestown,42.097,-79.2353,21.99,86,90,16.11,US,2021-01-22 21:51:36
56,Sabzevar,36.2126,57.6819,26.35,75,0,1.86,IR,2021-01-22 21:52:24
57,Upata,8.0086,-62.3989,74.61,86,75,5.82,VE,2021-01-22 21:53:27
58,Lompoc,34.6391,-120.4579,55.4,82,72,17.27,US,2021-01-22 21:47:29
59,Ozinki,51.1786,49.6769,18.09,97,100,4.52,RU,2021-01-22 21:53:27
60,Bredasdorp,-34.5322,20.0403,71.6,88,0,2.3,ZA,2021-01-22 21:51:23
61,Port Elizabeth,-33.918,25.5701,73.4,94,75,11.5,ZA,2021-01-22 21:47:45
62,Harper,4.375,-7.7169,78.49,83,5,6.89,LR,2021-01-22 21:52:49
63,Brae,60.3964,-1.353,39.2,65,20,24.16,GB,2021-01-22 21:51:45
64,Saskylakh,71.9167,114.0833,-21.15,86,100,7.87,RU,2021-01-22 21:51:44
65,Salantai,56.0667,21.5667,39.2,93,90,6.91,LT,2021-01-22 21:53:29
66,Dikson,73.5069,80.5464,-16.83,90,100,5.84,RU,2021-01-22 21:51:31
67,Formosa,-26.1775,-58.1781,78.8,83,75,3.29,AR,2021-01-22 21:50:29
68,Viransehir,37.2353,39.7631,33.4,80,0,2.86,TR,2021-01-22 21:53:30
69,Lata,40.1629,-8.3327,54.0,89,0,1.01,PT,2021-01-22 21:53:30
70,Provideniya,64.3833,-173.3,4.77,91,35,3.96,RU,2021-01-22 21:52:07
71,Carnarvon,-24.8667,113.6333,75.2,78,41,12.66,AU,2021-01-22 21:51:40
72,Labuhan,-6.8844,112.2051,77.36,86,100,6.8,ID,2021-01-22 21:53:02
73,Pevek,69.7008,170.3133,-9.36,90,100,11.65,RU,2021-01-22 21:52:21
74,Gulu,2.7746,32.299,72.46,50,100,2.75,UG,2021-01-22 21:53:30
75,Chuy,-33.6971,-53.4616,73.65,76,1,13.76,UY,2021-01-22 21:47:31
76,Vanimo,-2.6741,141.3028,79.18,76,100,4.14,PG,2021-01-22 21:53:31
77,Bubaque,11.2833,-15.8333,77.95,83,11,12.1,GW,2021-01-22 21:52:10
78,Chara,56.9064,118.2631,-23.08,78,59,0.47,RU,2021-01-22 21:53:31
79,Vila Velha,-20.3297,-40.2925,82.4,69,20,8.05,BR,2021-01-22 21:53:04
80,Surt,31.2089,16.5887,58.98,36,14,12.24,LY,2021-01-22 21:53:31
81,Atlantic City,39.3643,-74.4229,44.6,36,75,12.66,US,2021-01-22 21:50:06
82,Sibolga,1.7427,98.7792,74.86,82,81,4.59,ID,2021-01-22 21:53:32
83,Port Alfred,-33.5906,26.891,73.0,94,70,3.0,ZA,2021-01-22 21:51:44
84,New Norfolk,-42.7826,147.0587,64.0,54,98,5.01,AU,2021-01-22 21:51:31
85,Havoysund,70.9963,24.6622,10.4,72,20,24.16,NO,2021-01-22 21:53:32
86,Nieves,15.3274,120.9485,77.0,94,90,4.61,PH,2021-01-22 21:53:32
87,Yellowknife,62.456,-114.3525,-13.0,70,75,6.91,CA,2021-01-22 21:51:24
88,Padang,-0.9492,100.3543,73.4,94,20,2.3,ID,2021-01-22 21:47:28
89,Esso,55.9333,158.7,2.3,59,18,3.22,RU,2021-01-22 21:53:33
90,Altamira,-3.2033,-52.2064,84.2,79,40,2.3,BR,2021-01-22 21:53:33
91,Valdemarpils,57.3707,22.5919,37.4,100,90,6.91,LV,2021-01-22 21:53:33
92,Bambous Virieux,-20.3428,57.7575,80.6,78,75,9.22,MU,2021-01-22 21:51:38
93,Hobart,-42.8794,147.3294,64.99,48,75,14.97,AU,2021-01-22 21:47:24
94,Norton,-17.8833,30.7,66.0,82,100,4.0,ZW,2021-01-22 21:53:34
95,Isangel,-19.55,169.2667,82.4,89,90,9.84,VU,2021-01-22 21:53:10
96,Bologoye,57.8799,34.1068,31.96,98,100,7.4,RU,2021-01-22 21:53:35
97,Balkanabat,39.5108,54.3671,32.59,89,1,2.73,TM,2021-01-22 21:53:35
98,Itacoatiara,-3.1431,-58.4442,80.78,77,64,1.97,BR,2021-01-22 21:53:35
99,Hilo,19.7297,-155.09,78.8,65,75,5.75,US,2021-01-22 21:47:21
100,Chilca,-12.5211,-76.7372,80.6,57,0,9.22,PE,2021-01-22 21:53:36
101,Tecoanapa,16.5167,-98.75,85.19,60,0,10.58,MX,2021-01-22 21:53:36
102,Tiksi,71.6872,128.8694,-39.03,81,100,8.99,RU,2021-01-22 21:47:33
103,Lebu,-37.6167,-73.65,64.71,65,0,20.04,CL,2021-01-22 21:51:49
104,Petrolina,-9.3986,-40.5008,84.2,48,0,6.91,BR,2021-01-22 21:49:47
105,Bilma,18.6853,12.9164,58.98,30,0,6.04,NE,2021-01-22 21:52:15
106,Atuona,-9.8,-139.0333,77.99,78,1,14.09,PF,2021-01-22 21:51:26
107,Bayir,37.2687,28.2167,50.0,87,75,3.44,TR,2021-01-22 21:53:37
108,Bandarbeyla,9.4942,50.8122,73.89,75,96,22.7,SO,2021-01-22 21:52:13
109,Athni,16.7333,75.0667,71.51,45,0,6.13,IN,2021-01-22 21:53:37
110,Puerto Ayora,-0.7393,-90.3518,80.6,78,75,6.91,EC,2021-01-22 21:51:32
111,Coolum Beach,-26.5333,153.1,73.0,85,80,1.99,AU,2021-01-22 21:53:38
112,Thunder Bay,48.4001,-89.3168,10.99,47,75,6.91,CA,2021-01-22 21:50:12
113,Salamiyah,35.0113,37.0532,40.5,64,86,7.85,SY,2021-01-22 21:53:38
114,Tuktoyaktuk,69.4541,-133.0374,-16.6,76,75,19.57,CA,2021-01-22 21:52:15
115,Ponta Do Sol,32.6667,-17.1,61.0,78,34,1.99,PT,2021-01-22 21:47:43
116,Los Llanos De Aridane,28.6585,-17.9182,66.2,94,75,10.36,ES,2021-01-22 21:47:29
117,San Patricio,28.017,-97.5169,80.6,54,1,5.75,US,2021-01-22 21:53:38
118,Karratha,-20.7377,116.8463,83.26,45,29,13.44,AU,2021-01-22 21:51:34
119,Torbay,47.6666,-52.7314,26.01,86,20,17.27,CA,2021-01-22 21:51:29
120,Vardo,70.3705,31.1107,15.8,86,75,27.63,NO,2021-01-22 21:53:39
121,Prior Lake,44.7133,-93.4227,15.8,52,1,8.05,US,2021-01-22 21:53:39
122,Nikolskoye,59.7035,30.7861,35.6,87,40,11.18,RU,2021-01-22 21:51:27
123,Iqaluit,63.7506,-68.5145,24.8,86,75,17.27,CA,2021-01-22 21:51:50
124,Arman,59.7,150.1667,-12.89,79,44,8.39,RU,2021-01-22 21:53:40
125,Guerrero Negro,27.9769,-114.0611,66.99,50,0,12.03,MX,2021-01-22 21:53:09
126,Kaitangata,-46.2817,169.8464,55.99,61,100,3.0,NZ,2021-01-22 21:51:42
127,Grindavik,63.8424,-22.4338,26.6,74,20,27.63,IS,2021-01-22 21:52:19
128,Ancud,-41.8697,-73.8203,80.6,47,0,11.5,CL,2021-01-22 21:51:40
129,Touros,-5.1989,-35.4608,80.6,74,40,12.66,BR,2021-01-22 21:51:56
130,Nanortalik,60.1432,-45.2371,22.8,90,1,7.78,GL,2021-01-22 21:48:05
131,Dunedin,-45.8742,170.5036,59.0,64,100,18.99,NZ,2021-01-22 21:53:41
132,De Aar,-30.6497,24.0123,82.22,34,60,7.27,ZA,2021-01-22 21:53:41
133,Siayan,8.2667,123.1,76.24,79,98,0.74,PH,2021-01-22 21:53:41
134,Conceicao Do Araguaia,-8.2578,-49.2647,77.16,86,86,3.27,BR,2021-01-22 21:51:30
135,Aykhal,66.0,111.5,-44.73,76,71,3.87,RU,2021-01-22 21:53:42
136,Okhotsk,59.3833,143.3,-19.25,81,100,10.63,RU,2021-01-22 21:52:38
137,Linxia,35.6003,103.2064,27.3,66,0,0.94,CN,2021-01-22 21:53:09
138,Codrington,-38.2667,141.9667,61.92,73,1,5.03,AU,2021-01-22 21:51:47
139,Lagoa,39.05,-27.9833,61.47,92,54,25.48,PT,2021-01-22 21:52:08
140,Bosobolo,4.1833,19.9,75.38,29,55,1.92,CD,2021-01-22 21:53:42
141,Fare,-16.7,-151.0167,80.6,72,31,11.92,PF,2021-01-22 21:53:42
142,Medina Del Campo,41.3124,-4.9141,41.0,93,0,14.97,ES,2021-01-22 21:53:43
143,Ginir,7.1333,40.7,62.08,40,47,4.45,ET,2021-01-22 21:53:43
144,Deputatskiy,69.3,139.9,-41.35,82,1,0.94,RU,2021-01-22 21:53:43
145,Oussouye,12.485,-16.5469,77.0,73,0,2.3,SN,2021-01-22 21:52:34
146,Avarua,-21.2078,-159.775,86.0,66,20,16.11,CK,2021-01-22 21:48:02
147,Namibe,-15.1961,12.1522,74.01,74,99,5.95,AO,2021-01-22 21:51:59
148,Lorengau,-2.0226,147.2712,80.49,72,100,3.89,PG,2021-01-22 21:52:16
149,Sabha,27.0377,14.4283,45.59,51,0,3.67,LY,2021-01-22 21:53:44
150,Vanavara,60.34,102.2797,-38.34,80,100,8.39,RU,2021-01-22 21:53:44
151,Barrow,71.2906,-156.7887,8.6,72,90,25.32,US,2021-01-22 21:50:41
152,Saint-Philippe,-21.3585,55.7679,78.8,78,0,4.61,RE,2021-01-22 21:51:48
153,Salalah,17.0151,54.0924,73.4,25,0,3.44,OM,2021-01-22 21:48:01
154,Faanui,-16.4833,-151.75,80.85,71,0,12.86,PF,2021-01-22 21:47:52
155,Te Anau,-45.4167,167.7167,59.94,69,98,6.85,NZ,2021-01-22 21:52:51
156,Lisala,2.15,21.5167,73.18,41,99,1.3,CD,2021-01-22 21:53:45
157,Samarai,-10.6167,150.6667,82.94,75,79,7.74,PG,2021-01-22 21:47:37
158,Basco,20.4487,121.9702,75.97,88,99,13.53,PH,2021-01-22 21:53:45
159,Coquimbo,-29.9533,-71.3436,68.0,68,0,13.8,CL,2021-01-22 21:47:54
160,Ossora,59.2353,163.0719,7.97,92,100,1.41,RU,2021-01-22 21:53:46
161,Alofi,-19.0595,-169.9187,84.2,79,100,9.22,NU,2021-01-22 21:51:42
162,Valparaiso,-33.0393,-71.6273,66.2,77,20,6.91,CL,2021-01-22 21:53:46
163,Tilichiki,60.4667,166.1,-0.72,95,100,7.2,RU,2021-01-22 21:53:46
164,Nome,64.5011,-165.4064,32.0,93,90,12.66,US,2021-01-22 21:52:41
165,Waikuku,-43.3,172.6833,72.0,37,100,23.02,NZ,2021-01-22 21:53:46
166,Esmeralda,21.8525,-78.1169,84.2,51,40,2.3,CU,2021-01-22 21:53:47
167,Alice Springs,-23.7,133.8833,86.0,37,98,8.05,AU,2021-01-22 21:51:23
168,Vostok,46.4856,135.8833,-10.34,84,0,4.12,RU,2021-01-22 21:52:11
169,Guymon,36.6828,-101.4816,46.4,39,1,10.36,US,2021-01-22 21:53:47
170,Marawi,7.9986,124.2928,72.0,93,59,8.01,PH,2021-01-22 21:53:47
171,Kahului,20.8947,-156.47,80.6,54,20,21.85,US,2021-01-22 21:51:06
172,Ushibuka,32.1906,130.0228,59.45,87,93,8.9,JP,2021-01-22 21:53:48
173,Hoshangabad,22.75,77.7167,57.09,36,0,3.56,IN,2021-01-22 21:53:48
174,Souillac,-20.5167,57.5167,80.6,78,75,9.22,MU,2021-01-22 21:52:40
175,Hay River,60.8156,-115.7999,-20.2,69,100,5.75,CA,2021-01-22 21:53:48
176,Longyearbyen,78.2186,15.6401,8.6,72,20,14.97,SJ,2021-01-22 21:52:07
177,Huilong,31.8111,121.655,48.0,97,100,3.0,CN,2021-01-22 21:53:48
178,Komsomolskiy,40.4272,71.7189,24.8,74,90,6.91,UZ,2021-01-22 21:52:11
179,Alekseyevsk,57.8406,108.3492,-15.9,86,100,4.0,RU,2021-01-22 21:53:49
180,Jiangkou,25.4872,119.1986,59.0,88,75,8.95,CN,2021-01-22 21:53:49
181,Tagusao,9.1924,117.8141,77.77,83,31,4.16,PH,2021-01-22 21:51:53
182,Esperance,-33.8667,121.9,68.0,68,100,11.79,AU,2021-01-22 21:48:05
183,Presidencia Roque Saenz Pena,-26.7852,-60.4388,91.99,50,96,5.99,AR,2021-01-22 21:53:50
184,Mahebourg,-20.4081,57.7,80.6,78,75,9.22,MU,2021-01-22 21:51:30
185,Novyy Urengoy,66.0833,76.6333,-44.36,77,1,9.22,RU,2021-01-22 21:49:25
186,Lagunas,-5.2269,-75.6753,79.11,91,36,4.36,PE,2021-01-22 21:53:50
187,Gizo,-8.103,156.8419,82.8,68,83,13.89,SB,2021-01-22 21:52:29
188,Sitka,57.0531,-135.33,37.4,93,75,8.05,US,2021-01-22 21:53:50
189,Vilhena,-12.7406,-60.1458,71.6,100,40,5.75,BR,2021-01-22 21:53:51
190,Biak,-0.9131,122.8766,76.93,78,100,5.23,ID,2021-01-22 21:53:51
191,Katherine,-14.4667,132.2667,77.0,94,100,4.68,AU,2021-01-22 21:53:51
192,Adrar,20.5022,-10.0711,66.79,20,100,11.12,MR,2021-01-22 21:52:59
193,Calarasi,47.2544,28.3081,34.0,100,0,10.36,MD,2021-01-22 21:53:51
194,Thessalon,46.2501,-83.5666,14.0,67,90,6.91,CA,2021-01-22 21:53:51
195,Ndele,8.4109,20.6473,73.85,21,34,6.58,CF,2021-01-22 21:53:52
196,Evensk,61.95,159.2333,2.71,92,100,5.66,RU,2021-01-22 21:53:52
197,Verkhoyansk,67.5447,133.385,-42.11,78,60,1.23,RU,2021-01-22 21:50:00
198,Haines Junction,60.7522,-137.5108,1.4,92,99,1.14,CA,2021-01-22 21:48:03
199,Tuatapere,-46.1333,167.6833,55.99,70,100,17.0,NZ,2021-01-22 21:51:43
200,Abalak,58.1286,68.5944,-35.86,83,2,5.64,RU,2021-01-22 21:53:52
201,Qaanaaq,77.484,-69.3632,14.67,83,97,5.79,GL,2021-01-22 21:52:47
202,Noyabrsk,63.1994,75.4507,-49.0,77,49,10.36,RU,2021-01-22 21:52:43
203,Kavaratti,10.5669,72.642,80.4,72,5,6.51,IN,2021-01-22 21:51:50
204,Goderich,43.7501,-81.7165,21.2,73,100,17.27,CA,2021-01-22 21:53:06
205,Kodiak,57.79,-152.4072,35.6,93,90,3.36,US,2021-01-22 21:51:32
206,Terrace Bay,48.7834,-87.1,3.2,66,40,6.91,CA,2021-01-22 21:53:53
207,Saint-Pierre,-21.3393,55.4781,78.8,78,0,4.61,RE,2021-01-22 21:53:53
208,Sebeta,8.9167,38.6167,52.39,42,2,1.36,ET,2021-01-22 21:53:54
209,Lavrentiya,65.5833,-171.0,4.3,92,95,3.69,RU,2021-01-22 21:53:54
210,Powell,40.1578,-83.0752,33.01,64,75,12.66,US,2021-01-22 21:53:54
211,Coihaique,-45.5752,-72.0662,68.0,60,75,10.36,CL,2021-01-22 21:52:02
212,Dong Hoi,17.4833,106.6,61.88,88,57,3.13,VN,2021-01-22 21:50:18
213,La Orilla,17.9833,-102.2333,84.47,62,22,6.49,MX,2021-01-22 21:53:54
214,Atambua,-9.1061,124.8925,75.72,86,99,1.28,ID,2021-01-22 21:53:55
215,Juneau,58.3019,-134.4197,33.8,75,90,1.57,US,2021-01-22 21:53:55
216,Beloha,-25.1667,45.05,77.38,91,53,3.6,MG,2021-01-22 21:51:32
217,Yar-Sale,66.8333,70.8333,-37.5,82,69,6.87,RU,2021-01-22 21:51:41
218,Port-Gentil,-0.7193,8.7815,78.8,94,20,3.44,GA,2021-01-22 21:53:55
219,Taoudenni,22.6783,-3.9836,65.79,20,0,9.89,ML,2021-01-22 21:53:55
220,Barcelos,41.5388,-8.6151,53.6,76,20,8.05,PT,2021-01-22 21:52:31
221,Bengkulu,-3.8004,102.2655,75.04,82,17,5.46,ID,2021-01-22 21:47:30
222,Sistranda,63.7256,8.834,39.2,70,0,18.41,NO,2021-01-22 21:52:18
223,Anloga,5.7947,0.8973,80.6,89,20,6.91,GH,2021-01-22 21:53:56
224,Nuuk,64.1835,-51.7216,21.2,86,20,13.8,GL,2021-01-22 21:53:56
225,Poum,-20.2333,164.0167,79.86,79,89,19.84,NC,2021-01-22 21:52:36
226,Heihe,50.2441,127.4902,-18.4,83,80,4.27,CN,2021-01-22 21:52:14
227,Pochutla,15.7432,-96.4661,87.8,48,20,6.91,MX,2021-01-22 21:53:57
228,Luderitz,-26.6481,15.1594,71.2,63,0,19.55,NA,2021-01-22 21:51:35
229,Osmena,10.5208,119.9258,79.7,82,75,6.67,PH,2021-01-22 21:53:57
230,Mareeba,-17.0,145.4333,75.99,85,43,3.0,AU,2021-01-22 21:53:57
231,Am Timan,11.0297,20.2827,73.24,21,77,6.51,TD,2021-01-22 21:53:57
232,Srandakan,-7.9386,110.2506,77.23,82,100,4.38,ID,2021-01-22 21:53:57
233,Aklavik,68.2191,-135.0107,3.2,85,75,10.36,CA,2021-01-22 21:47:37
234,Ewa Beach,21.3156,-158.0072,82.4,47,40,11.5,US,2021-01-22 21:50:18
235,Diffa,13.3154,12.6113,64.92,26,56,9.28,NE,2021-01-22 21:53:58
236,Takaka,-40.85,172.8,62.01,77,94,3.0,NZ,2021-01-22 21:53:58
237,Shinshiro,34.9,137.5,55.0,72,100,5.01,JP,2021-01-22 21:53:58
238,Yumen,40.2833,97.2,26.04,69,0,8.79,CN,2021-01-22 21:52:44
239,Nyagan,62.1406,65.3936,-37.62,81,35,3.56,RU,2021-01-22 21:53:58
240,Buraydah,26.326,43.975,46.4,36,0,3.44,SA,2021-01-22 21:53:59
241,Severo-Kurilsk,50.6789,156.125,21.88,87,100,11.63,RU,2021-01-22 21:47:32
242,Rabo De Peixe,37.8,-25.5833,61.0,94,20,13.8,PT,2021-01-22 21:53:59
243,Vila Praia De Ancora,41.811,-8.8526,57.99,93,75,4.61,PT,2021-01-22 21:53:59
244,Liverpool,53.4106,-2.9779,37.4,87,40,5.75,GB,2021-01-22 21:48:06
245,Zenica,44.2014,17.9064,50.0,71,40,13.8,BA,2021-01-22 21:53:59
246,Pangnirtung,66.1451,-65.7125,26.6,63,75,2.3,CA,2021-01-22 21:53:59
247,Sao Filipe,14.8961,-24.4956,77.31,51,62,11.72,CV,2021-01-22 21:52:21
248,Muros,42.7762,-9.0603,53.01,79,88,1.01,ES,2021-01-22 21:54:00
249,Caucaia,-3.7361,-38.6531,81.0,78,20,5.75,BR,2021-01-22 21:54:00
250,Launceston,-41.45,147.1667,61.0,63,39,5.75,AU,2021-01-22 21:54:00
251,Urumqi,43.801,87.6005,26.6,93,90,4.47,CN,2021-01-22 21:54:00
252,Mwene-Ditu,-7.0,23.45,65.98,100,94,4.23,CD,2021-01-22 21:54:00
253,Hambantota,6.1241,81.1185,77.0,94,21,6.91,LK,2021-01-22 21:54:01
254,Benito Juarez,19.385,-99.165,77.0,18,20,6.91,MX,2021-01-22 21:53:01
255,Norman Wells,65.282,-126.8329,-9.4,77,40,6.91,CA,2021-01-22 21:52:45
256,Carutapera,-1.195,-46.02,79.38,78,100,9.06,BR,2021-01-22 21:52:01
257,Bathsheba,13.2167,-59.5167,80.6,65,40,18.41,BB,2021-01-22 21:53:02
258,Impfondo,1.6381,18.0667,76.96,54,94,2.33,CG,2021-01-22 21:54:02
259,Bethel,41.3712,-73.414,39.2,45,1,12.66,US,2021-01-22 21:51:25
260,Cabo San Lucas,22.8909,-109.9124,78.8,57,75,14.97,MX,2021-01-22 21:51:55
261,Yola,9.2,12.4833,73.62,20,54,2.57,NG,2021-01-22 21:54:02
262,Urengoy,65.9667,78.3667,-42.63,77,0,9.51,RU,2021-01-22 21:54:02
263,Itambacuri,-18.0311,-41.685,71.04,86,67,4.83,BR,2021-01-22 21:54:02
264,Maldonado,-34.6667,-54.9167,84.0,65,20,17.27,UY,2021-01-22 21:54:03
265,Saint-Augustin,51.226,-58.6502,22.48,96,100,13.8,CA,2021-01-22 21:52:52
266,Fayetteville,35.0527,-78.8784,59.0,33,1,6.91,US,2021-01-22 21:52:40
267,Marsh Harbour,26.5412,-77.0636,72.9,66,14,12.37,BS,2021-01-22 21:51:04
268,College,64.8569,-147.8028,27.0,79,75,4.61,US,2021-01-22 21:51:55
269,Marsa Matruh,31.3525,27.2453,50.0,76,0,5.79,EG,2021-01-22 21:54:03
270,Beidao,34.5686,105.8933,36.03,82,35,3.31,CN,2021-01-22 21:54:03
271,Hasaki,35.7333,140.8333,48.2,76,75,17.27,JP,2021-01-22 21:47:54
272,Sola,-13.8833,167.55,82.4,83,40,12.39,VU,2021-01-22 21:48:26
273,Arlit,18.7369,7.3853,62.85,25,0,4.72,NE,2021-01-22 21:51:40
274,Semme,46.1963,1.5007,39.0,100,75,6.91,FR,2021-01-22 21:54:04
275,Naze,28.3667,129.4833,66.2,94,75,18.41,JP,2021-01-22 21:50:45
276,Manaure,11.7751,-72.4445,84.29,55,100,14.45,CO,2021-01-22 21:54:04
277,Luanda,-8.8368,13.2343,78.8,78,20,9.22,AO,2021-01-22 21:54:04
278,Atar,20.5169,-13.0499,68.11,19,64,9.15,MR,2021-01-22 21:52:36
279,Harindanga,22.0383,88.3214,59.0,88,0,4.81,IN,2021-01-22 21:54:05
280,Laguna,38.421,-121.4238,54.0,82,90,5.75,US,2021-01-22 21:54:05
281,Price,39.5994,-110.8107,35.6,69,90,3.44,US,2021-01-22 21:54:05
282,Ada,43.4166,-116.1262,37.99,93,90,3.44,US,2021-01-22 21:54:05
283,Gazli,40.1333,63.45,26.55,90,70,7.99,UZ,2021-01-22 21:54:05
284,Mersing,2.4312,103.8405,78.8,83,47,6.91,MY,2021-01-22 21:54:05
285,Barranca,-10.75,-77.7667,73.49,72,38,9.26,PE,2021-01-22 21:54:05
286,Saint George,37.1041,-113.5841,55.99,46,75,3.44,US,2021-01-22 21:48:14
287,Houston,29.7633,-95.3633,68.0,88,90,4.61,US,2021-01-22 21:53:24
288,La Crosse,43.8014,-91.2396,18.0,41,1,11.5,US,2021-01-22 21:53:44
289,Baykit,61.67,96.37,-37.93,75,100,3.65,RU,2021-01-22 21:47:58
290,Klaksvik,62.2266,-6.589,33.8,86,20,16.11,FO,2021-01-22 21:51:54
291,Leningradskiy,69.3833,178.4167,-7.69,89,100,13.78,RU,2021-01-22 21:54:07
292,Port Hardy,50.6996,-127.4199,39.2,75,75,6.91,CA,2021-01-22 21:52:04
293,Labuan,5.2767,115.2417,75.2,94,20,2.3,MY,2021-01-22 21:54:07
294,Lahore,31.5497,74.3436,50.0,87,40,5.75,PK,2021-01-22 21:52:25
295,Leshukonskoye,64.8989,45.7622,-10.19,89,100,7.23,RU,2021-01-22 21:54:07
296,Celestun,20.8667,-90.4,80.01,63,22,9.06,MX,2021-01-22 21:48:10
297,Hami,42.8,93.45,19.87,78,0,4.47,CN,2021-01-22 21:49:01
298,Pestyaki,56.7103,42.6717,16.39,97,100,8.84,RU,2021-01-22 21:54:08
299,Nara,34.6851,135.8049,48.2,100,75,4.61,JP,2021-01-22 21:54:08
300,Canton,23.1167,113.25,64.99,77,0,11.18,CN,2021-01-22 21:51:39
301,Eregli,37.5133,34.0467,31.95,82,83,2.17,TR,2021-01-22 21:53:42
302,Sao Joao Da Barra,-21.6403,-41.0511,80.6,74,0,16.11,BR,2021-01-22 21:48:17
303,Jember,-8.166,113.7032,73.51,77,99,1.36,ID,2021-01-22 21:54:09
304,Muravlenko,63.7898,74.523,-48.03,77,47,9.66,RU,2021-01-22 21:54:09
305,Tromso,69.6496,18.957,21.2,68,0,25.32,NO,2021-01-22 21:54:09
306,Galesong,-5.3166,119.3661,73.4,100,40,3.44,ID,2021-01-22 21:54:09
307,Asau,46.4333,26.4,39.99,56,57,5.19,RO,2021-01-22 21:52:10
308,Mendota,36.7536,-120.3816,52.0,81,75,10.36,US,2021-01-22 21:54:10
309,Riyadh,24.6877,46.7219,48.2,23,0,8.05,SA,2021-01-22 21:52:04
310,Bokoro,12.3807,17.0568,71.29,20,99,12.39,TD,2021-01-22 21:54:10
311,Fairbanks,64.8378,-147.7164,27.0,79,75,4.61,US,2021-01-22 21:49:52
312,Belyy Yar,53.6039,91.3903,15.8,86,75,2.24,RU,2021-01-22 21:54:10
313,Sorland,67.667,12.6934,26.6,59,40,25.32,NO,2021-01-22 21:54:11
314,Clyde River,70.4692,-68.5914,-5.8,84,40,9.22,CA,2021-01-22 21:52:13
315,Hervey Bay,-25.2986,152.8535,71.01,84,61,3.0,AU,2021-01-22 21:54:11
316,Sindor,62.8629,51.8905,-15.2,88,100,4.7,RU,2021-01-22 21:54:11
317,Pringsewu,-5.3582,104.9744,73.44,92,90,0.89,ID,2021-01-22 21:54:11
318,Kuching,1.55,110.3333,77.0,94,20,2.42,MY,2021-01-22 21:54:11
319,Belozerskoye,55.8214,65.5842,-20.65,87,92,6.04,RU,2021-01-22 21:54:12
320,Kruisfontein,-34.0033,24.7314,73.0,88,2,1.01,ZA,2021-01-22 21:48:04
321,Malters,47.0363,8.1819,39.2,93,90,4.47,CH,2021-01-22 21:54:12
322,Buala,-8.145,159.5921,83.19,63,100,8.03,SB,2021-01-22 21:52:22
323,Pacific Grove,36.6177,-121.9166,54.0,76,75,14.97,US,2021-01-22 21:52:29
324,Havre-Saint-Pierre,50.2334,-63.5986,10.4,72,75,5.75,CA,2021-01-22 21:54:12
325,Yerbogachen,61.2767,108.0108,-52.46,74,80,5.68,RU,2021-01-22 21:48:25
326,Kharitonovo,61.4009,47.4978,-3.6,89,100,7.85,RU,2021-01-22 21:54:13
327,Inuvik,68.3499,-133.7218,1.4,85,78,9.22,CA,2021-01-22 21:54:13
328,Dumai,1.6833,101.45,72.52,96,100,1.7,ID,2021-01-22 21:54:13
329,Makakilo City,21.3469,-158.0858,82.4,47,40,11.5,US,2021-01-22 21:54:13
330,Udachnyy,66.4167,112.4,-46.08,75,100,3.33,RU,2021-01-22 21:54:13
331,Tasiilaq,65.6145,-37.6368,10.4,56,0,2.3,GL,2021-01-22 21:47:51
332,Gumdag,39.2061,54.5906,31.71,89,0,2.51,TM,2021-01-22 21:54:14
333,Oskarshamn,57.2645,16.4484,39.99,81,52,14.0,SE,2021-01-22 21:54:14
334,Caracoli,6.4119,-74.7606,80.1,76,85,1.97,CO,2021-01-22 21:54:14
335,Lastoursville,-0.8143,12.7287,74.17,85,100,3.13,GA,2021-01-22 21:54:14
336,Koshurnikovo,54.1667,93.3,13.95,97,100,2.64,RU,2021-01-22 21:54:14
337,Urucara,-2.5364,-57.76,79.21,85,17,2.19,BR,2021-01-22 21:54:14
338,Yeppoon,-23.1333,150.7333,75.2,69,33,5.75,AU,2021-01-22 21:48:05
339,Geraldton,-28.7667,114.6,73.4,78,75,10.36,AU,2021-01-22 21:48:20
340,Bonthe,7.5264,-12.505,79.03,83,97,7.7,SL,2021-01-22 21:54:15
341,Nemuro,43.3236,145.575,19.76,90,48,17.49,JP,2021-01-22 21:54:15
342,Mega,4.05,38.3,62.04,80,99,17.72,ET,2021-01-22 21:54:15
343,Yarmouth,41.7057,-70.2286,41.0,60,90,8.25,US,2021-01-22 21:54:15
344,Maceio,-9.6658,-35.7353,80.6,69,75,11.5,BR,2021-01-22 21:52:35
345,Santa Cruz,-17.8,-63.1667,91.4,46,40,6.91,BO,2021-01-22 21:51:00
346,Avera,33.194,-82.5271,55.4,87,75,5.75,US,2021-01-22 21:54:16
347,Fredericksburg,38.3032,-77.4605,50.0,37,1,10.36,US,2021-01-22 21:49:22
348,Paita,-5.0892,-81.1144,75.87,69,98,17.58,PE,2021-01-22 21:54:16
349,Jonuta,18.0833,-92.1333,86.0,66,20,11.5,MX,2021-01-22 21:54:16
350,Ahipara,-35.1667,173.1667,66.2,60,78,7.05,NZ,2021-01-22 21:51:53
351,San Fernando,15.0286,120.6898,77.0,94,90,4.61,PH,2021-01-22 21:49:27
352,Lichtenburg,-26.152,26.1597,71.28,37,18,2.84,ZA,2021-01-22 21:54:17
353,Fukue,32.6881,128.8419,58.78,93,100,17.05,JP,2021-01-22 21:54:17
354,Ajaccio,42.0,8.9167,51.8,82,75,32.21,FR,2021-01-22 21:52:21
355,Port Moresby,-9.4431,147.1797,77.0,94,40,5.75,PG,2021-01-22 21:52:30
356,Kaili,-3.4626,120.2147,67.17,92,69,2.89,ID,2021-01-22 21:54:18
357,Tugulym,57.0591,64.6425,-23.8,76,0,6.71,RU,2021-01-22 21:54:18
358,Sangar,63.9242,127.4739,-55.59,62,36,1.72,RU,2021-01-22 21:54:18
359,South Lake Tahoe,38.9332,-119.9844,42.01,59,40,12.66,US,2021-01-22 21:54:18
360,Yulara,-25.2406,130.9889,78.8,14,100,5.75,AU,2021-01-22 21:52:00
361,Morondava,-20.2833,44.2833,83.32,77,100,2.86,MG,2021-01-22 21:52:20
362,Bull Savanna,17.8868,-77.5902,77.56,77,7,10.42,JM,2021-01-22 21:54:19
363,The Valley,18.217,-63.0578,82.4,69,20,10.36,AI,2021-01-22 21:54:19
364,Cansancao,-10.6672,-39.4992,78.48,52,100,7.45,BR,2021-01-22 21:54:19
365,Victor Harbor,-35.5667,138.6167,77.0,29,0,7.49,AU,2021-01-22 21:54:19
366,Olafsvik,64.8945,-23.7142,28.45,90,2,31.16,IS,2021-01-22 21:52:05
367,Olinda,-8.0089,-34.8553,78.8,65,40,12.66,BR,2021-01-22 21:54:19
368,Sosnogorsk,63.6023,53.8817,-17.72,85,100,3.91,RU,2021-01-22 21:54:20
369,Broome,42.2506,-75.833,30.99,69,90,12.66,US,2021-01-22 21:48:00
370,Richards Bay,-28.783,32.0377,73.17,83,4,8.81,ZA,2021-01-22 21:52:09
371,Collie,-33.3667,116.15,57.0,85,0,2.3,AU,2021-01-22 21:54:20
372,Tura,25.5198,90.2201,56.53,75,0,3.67,IN,2021-01-22 21:54:20
373,Whitehorse,60.7161,-135.0538,6.8,85,75,6.91,CA,2021-01-22 21:54:20
374,Chokurdakh,70.6333,147.9167,-43.85,79,30,2.95,RU,2021-01-22 21:47:42
375,Husavik,66.0449,-17.3389,28.4,86,90,33.38,IS,2021-01-22 21:52:19
376,Limay,14.5333,120.55,77.0,94,90,4.61,PH,2021-01-22 21:54:21
377,Olovyannaya,50.95,115.5667,-3.15,90,60,7.07,RU,2021-01-22 21:54:21
378,Pontes E Lacerda,-15.2261,-59.3353,75.83,88,100,4.5,BR,2021-01-22 21:54:21
379,Panindicuaro,19.9667,-101.7667,77.0,44,20,6.91,MX,2021-01-22 21:54:21
380,Kati,12.7441,-8.0726,77.0,16,0,6.91,ML,2021-01-22 21:54:21
381,Faya,18.3851,42.4509,55.4,35,12,4.61,SA,2021-01-22 21:52:50
382,Inhambane,-23.865,35.3833,80.2,88,82,13.76,MZ,2021-01-22 21:51:04
383,Broken Hill,-31.95,141.4333,71.6,16,0,3.44,AU,2021-01-22 21:54:22
384,Zhangjiakou,40.81,114.8794,19.33,86,13,1.07,CN,2021-01-22 21:54:22
385,Aksu,41.1231,80.2644,24.89,78,100,2.68,CN,2021-01-22 21:52:18
386,Keffi,8.8486,7.8736,76.21,19,51,4.88,NG,2021-01-22 21:54:22
387,Uige,-7.6087,15.0613,67.5,93,100,0.83,AO,2021-01-22 21:54:22
388,Clinton,42.587,-82.9199,24.01,57,97,14.09,US,2021-01-22 21:54:22
389,Maragogi,-9.0122,-35.2225,77.9,77,80,8.9,BR,2021-01-22 21:54:23
390,Sinnamary,5.3833,-52.95,77.27,88,100,11.5,GF,2021-01-22 21:52:16
391,Keti Bandar,24.1447,67.4497,68.09,69,0,11.77,PK,2021-01-22 21:54:23
392,Mutoko,-17.397,32.2268,65.53,82,100,7.36,ZW,2021-01-22 21:54:23
393,Dogondoutchi,13.6393,4.0287,70.43,20,3,9.66,NE,2021-01-22 21:54:23
394,Pendleton,45.6721,-118.7886,34.0,86,90,8.05,US,2021-01-22 21:54:24
395,Caravelas,-17.7125,-39.2481,76.39,81,11,6.33,BR,2021-01-22 21:54:24
396,Puerto Varas,-41.3195,-72.9854,75.2,43,0,13.8,CL,2021-01-22 21:52:28
397,Cidreira,-30.1811,-50.2056,74.61,84,78,17.34,BR,2021-01-22 21:47:29
398,Oistins,13.0667,-59.5333,80.6,65,40,18.41,BB,2021-01-22 21:54:24
399,Kupino,54.3663,77.2981,-8.84,91,100,6.4,RU,2021-01-22 21:51:04
400,Kisangani,0.5167,25.2,74.55,77,35,2.04,CD,2021-01-22 21:54:24
401,Katsuura,35.1333,140.3,50.0,74,100,7.0,JP,2021-01-22 21:51:36
402,Kaeo,-35.1,173.7833,71.01,64,12,3.0,NZ,2021-01-22 21:54:25
403,Hobyo,5.3505,48.5268,76.5,79,36,20.22,SO,2021-01-22 21:54:25
404,Tambovka,50.0969,128.0489,-18.4,83,82,7.45,RU,2021-01-22 21:54:25
405,Monroe,43.1501,-77.6831,30.0,59,75,14.97,US,2021-01-22 21:53:01
406,Kavieng,-2.5744,150.7967,82.06,71,100,5.93,PG,2021-01-22 21:51:33
407,Hare Bay,48.8499,-54.0148,24.8,93,49,10.36,CA,2021-01-22 21:54:25
408,Neiafu,-18.65,-173.9833,77.0,94,75,12.66,TO,2021-01-22 21:54:26
409,Vetluzhskiy,58.3902,45.4654,-2.38,92,100,9.55,RU,2021-01-22 21:54:26
410,Agadez,19.75,10.25,58.21,29,0,7.7,NE,2021-01-22 21:54:26
411,Halifax,44.6453,-63.5724,28.4,100,100,6.91,CA,2021-01-22 21:54:26
412,Vestmannaeyjar,63.4427,-20.2734,28.42,89,1,26.17,IS,2021-01-22 21:52:31
413,Saint Anthony,45.0205,-93.218,15.8,41,1,9.22,US,2021-01-22 21:52:26
414,Katangli,51.7102,143.2326,-15.07,88,0,8.5,RU,2021-01-22 21:54:27
415,Kantabanji,20.4833,82.9167,58.3,35,0,0.69,IN,2021-01-22 21:54:27
416,Saint-Joseph,-21.3667,55.6167,78.8,78,0,4.61,RE,2021-01-22 21:54:27
417,Prince Rupert,54.3161,-130.3201,35.6,86,1,3.44,CA,2021-01-22 21:49:33
418,Port Lincoln,-34.7333,135.8667,72.28,56,0,13.58,AU,2021-01-22 21:52:22
419,Tessalit,20.1986,1.0114,61.2,21,0,9.53,ML,2021-01-22 21:54:27
420,Ekuvukeni,-28.4675,30.1551,66.38,75,6,2.89,ZA,2021-01-22 21:54:27
421,Voi,-3.3945,38.563,71.55,90,100,6.33,KE,2021-01-22 21:54:28
422,Concepcion,-36.827,-73.0498,75.2,53,0,12.66,CL,2021-01-22 21:49:48
423,Acara,-1.9608,-48.1967,75.42,93,100,3.74,BR,2021-01-22 21:54:28
424,Lamar,33.6668,-95.5836,55.0,76,90,6.91,US,2021-01-22 21:54:28
425,Belize,17.25,-88.75,84.0,59,1,6.91,BZ,2021-01-22 21:54:28
426,Zolotonosha,49.6689,32.0377,32.09,97,13,9.44,UA,2021-01-22 21:54:28
427,Strezhevoy,60.7333,77.5889,-41.8,66,20,2.24,RU,2021-01-22 21:54:29
428,Lumphat,13.4878,106.9816,68.49,84,89,3.74,KH,2021-01-22 21:54:29
429,Mamallapuram,12.6264,80.1722,75.2,88,20,2.3,IN,2021-01-22 21:54:29
430,Neyyattinkara,8.4,77.0833,80.6,83,20,2.3,IN,2021-01-22 21:54:29
431,Ostrovnoy,68.0531,39.5131,-1.12,92,93,15.01,RU,2021-01-22 21:47:51
432,Roebourne,-20.7833,117.1333,84.76,43,36,13.94,AU,2021-01-22 21:54:29
433,Beipiao,41.7919,120.7792,11.03,90,0,1.28,CN,2021-01-22 21:54:30
434,Praia Da Vitoria,38.7333,-27.0667,62.6,100,40,15.61,PT,2021-01-22 21:47:34
435,Zhuzhou,27.8333,113.15,41.0,93,5,2.24,CN,2021-01-22 21:54:30
436,Chabahar,25.2919,60.643,64.15,29,0,18.21,IR,2021-01-22 21:54:30
437,Karpathos,35.507,27.2132,56.35,62,72,9.53,GR,2021-01-22 21:54:30
438,Snezhnogorsk,69.1933,33.2531,-14.8,76,0,2.24,RU,2021-01-22 21:54:31
439,Tres Arroyos,-38.3739,-60.2798,88.34,32,0,9.98,AR,2021-01-22 21:54:31
440,Iratosu,46.3167,21.2,48.2,71,0,12.66,RO,2021-01-22 21:54:31
441,Toamasina,-18.1667,49.3833,78.8,94,40,1.14,MG,2021-01-22 21:54:31
442,San Quintin,30.4833,-115.95,62.38,65,0,8.16,MX,2021-01-22 21:51:35
443,Kushmurun,52.4503,64.6311,4.62,94,100,4.74,KZ,2021-01-22 21:54:31
444,Alyangula,-13.8483,136.4192,77.0,100,100,4.81,AU,2021-01-22 21:54:31
445,Imeni Zhelyabova,58.9544,36.5956,31.87,98,100,6.87,RU,2021-01-22 21:54:31
446,Podosinovets,60.2776,47.0659,-1.46,89,100,9.06,RU,2021-01-22 21:54:32
447,Manali,13.1667,80.2667,75.2,88,20,2.3,IN,2021-01-22 21:54:32
448,Tezu,27.9167,96.1667,56.12,51,0,3.47,IN,2021-01-22 21:52:19
449,Nogales,31.3086,-110.9422,64.0,39,20,12.66,MX,2021-01-22 21:49:34
450,Bolu,40.6667,31.5833,31.3,92,94,5.28,TR,2021-01-22 21:54:29
451,Zhigansk,66.7697,123.3711,-44.48,78,100,8.21,RU,2021-01-22 21:47:53
452,Junin,-34.5838,-60.9433,95.0,11,0,11.54,AR,2021-01-22 21:51:03
453,Sabya,17.1495,42.6254,77.0,78,0,5.75,SA,2021-01-22 21:54:33
454,Raga,8.4596,25.678,67.35,25,20,3.6,SS,2021-01-22 21:54:33
455,Guerrero,17.6667,-100.0,83.14,32,0,2.51,MX,2021-01-22 21:54:33
456,Dingle,10.9995,122.6711,74.37,86,49,1.9,PH,2021-01-22 21:52:06
457,Isabela,6.7085,121.9711,75.2,94,90,2.3,PH,2021-01-22 21:54:33
458,Zheleznodorozhnyy,55.7503,38.0042,30.2,93,90,6.71,RU,2021-01-22 21:52:59
459,Bonavista,48.6499,-53.1147,27.0,93,71,10.36,CA,2021-01-22 21:52:06
460,Valenca Do Piaui,-6.4075,-41.7456,73.92,87,100,3.53,BR,2021-01-22 21:54:34
461,Ponta Delgada,37.7333,-25.6667,61.0,94,20,13.8,PT,2021-01-22 21:52:25
462,Darnah,32.767,22.6367,53.31,53,0,11.01,LY,2021-01-22 21:51:38
463,Staryy Nadym,65.6118,72.6842,-44.48,77,33,6.71,RU,2021-01-22 21:54:34
464,Solnechnyy,50.7214,136.6319,-12.71,80,17,3.49,RU,2021-01-22 21:54:34
465,Naryan-Mar,67.6713,53.087,-23.57,84,97,6.49,RU,2021-01-22 21:52:24
466,Necochea,-38.5473,-58.7368,91.72,23,0,13.13,AR,2021-01-22 21:54:35
467,Porto-Vecchio,41.591,9.2795,55.4,82,75,23.02,FR,2021-01-22 21:54:35
468,San Felipe,10.3399,-68.7425,75.42,79,77,6.06,VE,2021-01-22 21:54:35
469,Creel,27.75,-107.6333,51.46,48,52,17.98,MX,2021-01-22 21:54:35
470,Ati,13.2154,18.3353,69.21,21,81,12.24,TD,2021-01-22 21:54:35
471,Yima,34.7381,111.8839,31.37,83,9,5.01,CN,2021-01-22 21:54:35
472,Miandrivazo,-19.5167,45.4667,80.91,80,100,3.2,MG,2021-01-22 21:54:35
473,Merauke,-8.4667,140.3333,80.94,81,100,7.4,ID,2021-01-22 21:54:36
474,Nisia Floresta,-6.0911,-35.2086,80.6,74,40,12.66,BR,2021-01-22 21:54:36
475,Tawang,27.5833,91.8667,32.36,80,0,3.36,IN,2021-01-22 21:54:36
476,Bizhbulyak,53.6967,54.2642,-5.26,92,64,1.68,RU,2021-01-22 21:54:36
477,Pisco,-13.7,-76.2167,78.8,57,0,11.5,PE,2021-01-22 21:52:53
478,Vizinga,61.0749,50.1031,-8.16,90,100,5.3,RU,2021-01-22 21:52:03
479,Kalininsk,51.5,44.4758,33.67,95,100,8.72,RU,2021-01-22 21:54:37
480,Banikoara,11.2985,2.4386,71.15,20,0,5.59,BJ,2021-01-22 21:54:37
481,Muriwai Beach,-36.8167,174.45,69.01,64,47,10.25,NZ,2021-01-22 21:54:37
482,Sao Miguel Do Araguaia,-13.275,-50.1628,79.68,66,54,1.5,BR,2021-01-22 21:54:37
483,Nelson Bay,-32.7167,152.15,79.0,61,0,5.75,AU,2021-01-22 21:54:37
484,Grand Gaube,-20.0064,57.6608,80.01,75,40,4.0,MU,2021-01-22 21:54:37
485,Lazaro Cardenas,17.9583,-102.2,84.42,63,26,6.51,MX,2021-01-22 21:54:37
486,Gushikawa,26.3544,127.8686,68.0,94,75,19.57,JP,2021-01-22 21:52:06
487,Yate,51.5407,-2.4184,37.0,93,97,1.99,GB,2021-01-22 21:54:38
488,Sunrise Manor,36.2111,-115.0731,64.99,25,1,20.71,US,2021-01-22 21:54:38
489,Leh,34.1667,77.5833,11.89,73,64,5.17,IN,2021-01-22 21:54:38
490,Sarangani,5.4033,125.4636,81.77,71,100,3.18,PH,2021-01-22 21:54:38
491,Velikiy Novgorod,58.5167,31.2833,34.02,94,100,11.01,RU,2021-01-22 21:53:19
492,Colac,-38.3333,143.5833,63.0,74,25,3.33,AU,2021-01-22 21:54:39
493,Cumra,37.5732,32.7745,28.4,86,0,1.66,TR,2021-01-22 21:54:39
494,Kangaba,11.9333,-8.4167,72.61,18,97,6.42,ML,2021-01-22 21:54:39
495,Ambilobe,-13.2,49.05,73.99,93,75,1.72,MG,2021-01-22 21:52:40
496,Praxedis Guerrero,31.3667,-106.0167,60.8,47,20,10.36,MX,2021-01-22 21:54:39
497,Guane,22.2025,-84.0875,77.13,66,0,3.2,CU,2021-01-22 21:54:39
498,Saint-Leu,-21.15,55.2833,78.8,78,0,4.61,RE,2021-01-22 21:54:40
499,Tucuman,-26.8241,-65.2226,87.8,55,75,4.61,AR,2021-01-22 21:53:45
500,Tiznit,29.5833,-9.5,58.3,89,53,3.29,MA,2021-01-22 21:54:40
501,Caxito,-8.5785,13.6643,78.8,78,20,9.22,AO,2021-01-22 21:54:40
502,Manzhouli,49.6,117.4333,-3.03,92,37,3.31,CN,2021-01-22 21:54:40
503,Talara,-4.5772,-81.2719,75.06,73,91,15.77,PE,2021-01-22 21:54:40
504,Tarbes,43.25,0.1667,42.8,81,75,16.11,FR,2021-01-22 21:54:40
505,Cabedelo,-6.9811,-34.8339,78.8,78,75,12.66,BR,2021-01-22 21:54:41
506,Ola,59.5833,151.2833,-9.51,79,1,8.01,RU,2021-01-22 21:54:41
507,Sokolo,14.7328,-6.1219,71.64,19,0,11.34,ML,2021-01-22 21:54:41
508,Tual,-5.6667,132.75,85.06,70,100,5.55,ID,2021-01-22 21:52:52
509,Paracuru,-3.41,-39.0306,81.0,75,67,11.99,BR,2021-01-22 21:54:41
510,San Cristobal,7.7669,-72.225,84.2,58,40,11.5,VE,2021-01-22 21:47:48
511,Chapais,49.7834,-74.8492,10.4,79,90,5.75,CA,2021-01-22 21:48:14
512,Aripuana,-9.1667,-60.6333,76.89,96,89,2.33,BR,2021-01-22 21:48:15
513,Marienburg,54.0359,19.0266,39.2,87,0,6.91,PL,2021-01-22 21:54:42
514,Mogadouro,41.3403,-6.7119,41.0,90,34,5.01,PT,2021-01-22 21:54:42
515,Tuyen Quang,21.8233,105.2181,59.41,84,0,0.89,VN,2021-01-22 21:53:42
516,Penzance,50.1186,-5.5371,41.0,81,40,8.05,GB,2021-01-22 21:51:35
517,Mnogovershinnyy,53.9353,139.9242,-23.17,83,0,6.4,RU,2021-01-22 21:54:43
518,Djibo,14.1022,-1.6306,68.99,20,92,8.72,BF,2021-01-22 21:54:43
519,Kutum,14.2,24.6667,54.48,35,99,7.63,SD,2021-01-22 21:54:43
520,Basavakalyan,17.8667,76.95,67.1,59,0,5.35,IN,2021-01-22 21:54:43
521,Haicheng,40.8516,122.7475,14.65,96,22,3.44,CN,2021-01-22 21:54:43
522,Katima Mulilo,-17.5,24.2667,67.41,97,83,3.36,NA,2021-01-22 21:54:43
523,Fortuna,40.5982,-124.1573,53.01,76,90,13.8,US,2021-01-22 21:52:32
524,Axim,4.8699,-2.2405,78.85,84,0,8.46,GH,2021-01-22 21:51:35
525,Uhlove,44.8215,33.6045,50.0,60,100,8.01,UA,2021-01-22 21:54:44
526,Port Hedland,-20.3167,118.5667,80.6,78,40,6.51,AU,2021-01-22 21:48:30
527,Vredendal,-31.6683,18.5012,70.38,68,0,6.82,ZA,2021-01-22 21:54:44
528,Panguna,-6.3164,155.4848,74.86,71,100,2.77,PG,2021-01-22 21:54:45
529,Tautira,-17.7333,-149.15,84.2,65,20,21.85,PF,2021-01-22 21:53:06
530,Beian,63.6559,9.5683,37.99,75,0,14.97,NO,2021-01-22 21:54:45
531,Angouleme,45.65,0.15,42.8,87,75,8.05,FR,2021-01-22 21:54:45
532,Kommunisticheskiy,61.6789,64.4819,-35.55,82,77,3.8,RU,2021-01-22 21:54:46
533,Tynda,55.1667,124.7167,-22.16,85,100,1.99,RU,2021-01-22 21:54:46
534,Zelenoborsk,61.4669,64.0333,-34.74,82,92,3.78,RU,2021-01-22 21:54:46
535,Flin Flon,54.7682,-101.865,-2.2,78,90,4.61,CA,2021-01-22 21:51:06
536,Podporozhye,60.9112,34.1706,25.9,98,100,5.64,RU,2021-01-22 21:54:46
537,Eyl,7.9803,49.8164,72.88,72,54,19.08,SO,2021-01-22 21:51:59
538,Rocha,-34.4833,-54.3333,74.89,70,0,14.41,UY,2021-01-22 21:51:48
539,Orsha,54.5153,30.4053,32.88,96,100,12.35,BY,2021-01-22 21:52:43
540,Blenheim,-41.516,173.9528,66.0,60,97,1.01,NZ,2021-01-22 21:53:23
541,Polunochnoye,60.8697,60.4153,-35.27,83,99,1.57,RU,2021-01-22 21:54:48
542,Mendi,-6.1761,143.6513,57.72,96,100,0.47,PG,2021-01-22 21:54:48
543,Toowoomba,-27.55,151.9667,68.0,77,0,5.75,AU,2021-01-22 21:54:49
544,Mayor Pablo Lagerenza,-19.9309,-60.7718,84.4,58,78,4.41,PY,2021-01-22 21:54:49
545,Moerai,-22.4333,-151.3333,80.56,76,4,12.84,PF,2021-01-22 21:54:49
546,Vila Do Maio,15.1333,-23.2167,75.2,57,0,16.11,CV,2021-01-22 21:54:49
547,Uyar,55.81,94.3153,1.62,91,100,9.13,RU,2021-01-22 21:54:49
548,Taunggyi,20.7833,97.0333,46.63,89,0,1.54,MM,2021-01-22 21:54:50
549,Kalmunai,7.4167,81.8167,76.17,81,14,5.1,LK,2021-01-22 21:54:50
550,Kaz,52.9113,87.3105,6.44,93,100,8.19,RU,2021-01-22 21:54:50
551,Thinadhoo,0.5333,72.9333,82.33,61,38,4.29,MV,2021-01-22 21:54:50
552,Jutai,-5.1833,-68.9,83.46,71,68,1.5,BR,2021-01-22 21:54:50
553,Mairena Del Aljarafe,37.3446,-6.0639,55.4,71,0,10.36,ES,2021-01-22 21:54:51
554,Tucumcari,35.1717,-103.725,48.99,48,75,3.0,US,2021-01-22 21:54:51
555,Springbok,-29.6643,17.8865,79.07,34,12,2.62,ZA,2021-01-22 21:54:51
556,Portland,45.5234,-122.6762,50.0,53,1,5.41,US,2021-01-22 21:51:11
557,Palana,59.1167,159.9667,-3.19,95,100,1.25,RU,2021-01-22 21:52:00
558,Xichang,27.8964,102.2634,44.01,64,8,1.34,CN,2021-01-22 21:54:51
559,Kamenka,51.3223,42.7678,33.78,99,100,11.43,RU,2021-01-22 21:54:52
560,Barreirinha,-2.7933,-57.07,78.01,90,94,2.68,BR,2021-01-22 21:54:52
561,Shahr-E Babak,30.1165,55.1186,29.12,75,0,5.68,IR,2021-01-22 21:54:52
