City_ID,City,Country,Date,Lat,Lng,Max Temp,Humidity,Cloudiness,Wind Speed
0,Punta Arenas,CL,2021-01-19 17:05:45,-53.15,-70.9167,62.6,42,20,16.11
1,Bereda,ES,2021-01-19 17:05:45,43.2686,-7.5406,51.01,58,100,15.99
2,Kurayoshi,JP,2021-01-19 17:05:45,35.4333,133.8167,33.8,86,75,4.61
3,Hilo,US,2021-01-19 17:05:45,19.7297,-155.09,68.0,94,90,4.61
4,Jinchang,CN,2021-01-19 17:05:45,38.4953,102.1739,25.14,59,7,2.53
5,Akranes,IS,2021-01-19 17:05:45,64.3218,-22.0749,33.8,75,75,18.41
6,Jamestown,US,2021-01-19 17:05:46,42.097,-79.2353,28.99,80,90,16.11
7,Khandbari,NP,2021-01-19 17:05:46,27.3747,87.2039,54.3,67,99,1.86
8,Westlock,CA,2021-01-19 17:01:18,54.1502,-113.8688,32.0,55,97,10.36
9,Manzhouli,CN,2021-01-19 17:05:46,49.6,117.4333,-4.59,91,85,2.46
10,Satao,PT,2021-01-19 17:05:46,40.7418,-7.7329,55.99,7,100,5.14
11,Zyryanka,RU,2021-01-19 17:05:46,65.75,150.85,-45.8,77,46,4.5
12,Fort Nelson,CA,2021-01-19 17:05:46,58.8053,-122.7002,21.2,93,75,6.91
13,Nanortalik,GL,2021-01-19 17:05:47,60.1432,-45.2371,30.67,86,44,11.88
14,Chokurdakh,RU,2021-01-19 17:05:47,70.6333,147.9167,-37.64,83,17,3.74
15,Tuktoyaktuk,CA,2021-01-19 17:05:47,69.4541,-133.0374,-4.0,77,1,16.11
16,Arraial Do Cabo,BR,2021-01-19 17:05:47,-22.9661,-42.0278,95.0,61,0,14.97
17,Hasaki,JP,2021-01-19 17:05:48,35.7333,140.8333,32.0,51,0,5.75
18,Piacabucu,BR,2021-01-19 17:05:48,-10.4056,-36.4344,84.76,61,19,13.44
19,Bredasdorp,ZA,2021-01-19 17:05:48,-34.5322,20.0403,71.6,60,20,18.41
20,Carnarvon,AU,2021-01-19 17:05:48,-24.8667,113.6333,78.8,89,40,18.41
21,Maumere,ID,2021-01-19 17:05:48,-8.6199,122.2111,76.41,91,100,5.03
22,New Norfolk,AU,2021-01-19 17:05:48,-42.7826,147.0587,45.0,61,21,3.15
23,Kaitangata,NZ,2021-01-19 17:05:49,-46.2817,169.8464,49.08,66,77,15.39
24,Provideniya,RU,2021-01-19 17:05:49,64.3833,-173.3,-10.34,86,91,6.71
25,Kodiak,US,2021-01-19 17:05:49,57.79,-152.4072,24.8,63,1,6.91
26,Labuhan,ID,2021-01-19 17:05:49,-6.8844,112.2051,75.9,92,100,7.56
27,Waw,SS,2021-01-19 17:05:49,7.7029,27.9953,82.22,16,62,5.14
28,Rikitea,PF,2021-01-19 17:02:18,-23.1203,-134.9692,77.95,77,50,15.75
29,Ushuaia,AR,2021-01-19 17:01:10,-54.8,-68.3,57.2,51,20,8.05
30,Acarau,BR,2021-01-19 17:05:50,-2.8856,-40.12,85.77,62,77,16.89
31,San Luis,AR,2021-01-19 17:05:50,-33.295,-66.3356,87.28,18,0,7.65
32,Grindavik,IS,2021-01-19 17:05:50,63.8424,-22.4338,32.0,86,75,21.85
33,Victoria,HK,2021-01-19 17:02:00,22.2855,114.1577,62.01,76,75,1.99
34,Busselton,AU,2021-01-19 17:05:50,-33.65,115.3333,66.63,81,7,5.26
35,Yellowknife,CA,2021-01-19 17:00:51,62.456,-114.3525,9.0,85,90,16.11
36,Seydi,TM,2021-01-19 17:05:51,39.4816,62.9137,48.72,51,0,6.85
37,Hermanus,ZA,2021-01-19 17:05:51,-34.4187,19.2345,71.01,71,12,7.0
38,Ejido,VE,2021-01-19 17:04:00,8.5514,-71.2375,80.13,37,24,6.04
39,Balkanabat,TM,2021-01-19 17:05:51,39.5108,54.3671,47.53,60,43,4.09
40,Cidreira,BR,2021-01-19 17:00:58,-30.1811,-50.2056,76.32,57,1,11.63
41,Saldanha,ZA,2021-01-19 17:05:51,-33.0117,17.9442,75.2,46,0,24.16
42,Wagar,SD,2021-01-19 17:05:52,16.1525,36.2032,71.2,59,0,16.17
43,Kaeo,NZ,2021-01-19 17:02:00,-35.1,173.7833,63.0,91,100,8.84
44,San Patricio,US,2021-01-19 17:05:52,28.017,-97.5169,73.99,73,90,24.16
45,Kenai,US,2021-01-19 17:05:52,60.5544,-151.2583,30.0,74,1,17.27
46,Saint George,US,2021-01-19 17:05:52,37.1041,-113.5841,46.99,39,1,16.11
47,Bluff,NZ,2021-01-19 17:05:52,-46.6,168.3333,46.0,86,100,11.99
48,Muroto,JP,2021-01-19 17:05:52,33.2833,134.15,44.58,70,20,11.01
49,Cape Town,ZA,2021-01-19 17:03:43,-33.9258,18.4232,73.4,53,20,21.85
50,Saint-Philippe,RE,2021-01-19 17:05:53,-21.3585,55.7679,84.2,74,40,5.75
51,Kavaratti,IN,2021-01-19 17:05:53,10.5669,72.642,82.27,66,2,1.52
52,Pochutla,MX,2021-01-19 17:01:27,15.7432,-96.4661,89.01,57,75,3.6
53,Presidencia Roque Saenz Pena,AR,2021-01-19 17:05:53,-26.7852,-60.4388,88.0,36,0,1.99
54,Finschhafen,PG,2021-01-19 17:05:54,-6.6024,147.8681,80.85,79,100,8.08
55,Asau,RO,2021-01-19 17:05:54,46.4333,26.4,19.99,86,66,8.05
56,Jaynagar-Majilpur,IN,2021-01-19 17:05:54,22.1758,88.4178,68.0,88,56,7.36
57,Avarua,CK,2021-01-19 17:05:54,-21.2078,-159.775,82.4,78,20,5.75
58,Buribay,RU,2021-01-19 17:05:54,51.9617,58.1592,6.15,94,100,7.18
59,Kouango,CF,2021-01-19 17:05:54,4.9934,19.9619,86.22,16,3,0.4
60,Shelburne,CA,2021-01-19 17:05:54,44.0787,-80.2041,33.01,90,60,15.46
61,Tasiilaq,GL,2021-01-19 17:05:55,65.6145,-37.6368,15.8,73,20,10.36
62,Vaini,TO,2021-01-19 17:05:55,-21.2,-175.2,73.4,100,40,2.3
63,Ilulissat,GL,2021-01-19 17:05:55,69.2167,-51.1,21.2,68,75,1.14
64,Pevek,RU,2021-01-19 17:05:55,69.7008,170.3133,-28.64,86,100,3.98
65,Meulaboh,ID,2021-01-19 17:05:56,4.1363,96.1285,76.51,87,99,4.47
66,Ambon,ID,2021-01-19 17:05:56,-3.6954,128.1814,82.99,89,95,6.24
67,Puerto Colombia,CO,2021-01-19 17:05:56,10.9878,-74.9547,86.0,62,20,14.97
68,Biak,ID,2021-01-19 17:05:56,-0.9131,122.8766,77.56,84,99,1.59
69,Atuona,PF,2021-01-19 17:05:56,-9.8,-139.0333,77.18,78,5,13.65
70,Bambous Virieux,MU,2021-01-19 17:05:56,-20.3428,57.7575,81.0,89,75,3.44
71,Kieta,PG,2021-01-19 17:05:57,-6.2167,155.6333,78.6,77,56,2.89
72,Matay,EG,2021-01-19 17:05:57,28.419,30.7792,58.35,52,27,10.47
73,San Cristobal,VE,2021-01-19 17:03:37,7.7669,-72.225,86.0,54,40,8.05
74,Kalmunai,LK,2021-01-19 17:05:57,7.4167,81.8167,76.01,92,52,12.44
75,Lhokseumawe,ID,2021-01-19 17:05:57,5.1801,97.1507,76.55,87,100,4.09
76,Camacha,PT,2021-01-19 17:05:57,33.0833,-16.3333,64.4,63,20,5.75
77,Georgetown,MY,2021-01-19 17:05:57,5.4112,100.3354,80.6,78,40,2.3
78,Kudahuvadhoo,MV,2021-01-19 17:05:58,2.6708,72.8944,82.63,67,78,5.68
79,Hofn,IS,2021-01-19 17:05:58,64.2539,-15.2082,36.72,78,38,23.4
80,Stralsund,DE,2021-01-19 17:05:58,54.3091,13.0818,34.0,94,100,11.74
81,Bolotnoye,RU,2021-01-19 17:05:58,55.6717,84.3981,-17.07,89,97,7.18
82,Ruidoso,US,2021-01-19 17:05:58,33.3317,-105.673,26.6,74,90,13.8
83,Kapaa,US,2021-01-19 17:05:59,22.0752,-159.319,69.8,88,75,24.16
84,Havre-Saint-Pierre,CA,2021-01-19 17:05:59,50.2334,-63.5986,15.8,73,90,12.66
85,Jumla,NP,2021-01-19 17:03:04,29.2747,82.1838,35.26,81,0,2.3
86,Tsabong,BW,2021-01-19 17:05:59,-26.0217,22.401,88.29,35,82,0.63
87,Airai,TL,2021-01-19 17:05:59,-8.9266,125.4092,61.41,100,100,2.3
88,Scarborough,GB,2021-01-19 17:06:00,54.2797,-0.4044,46.99,94,100,3.0
89,Puerto Ayora,EC,2021-01-19 17:06:00,-0.7393,-90.3518,80.6,78,20,13.8
90,Pingliang,CN,2021-01-19 17:06:00,35.5392,106.6861,26.01,92,97,8.01
91,Kalpi,IN,2021-01-19 17:06:00,26.1167,79.7333,59.05,70,0,5.91
92,Coahuayana,MX,2021-01-19 17:06:00,18.7333,-103.6833,78.8,57,40,2.55
93,Mataura,NZ,2021-01-19 17:02:49,-46.1927,168.8643,46.0,86,76,11.99
94,Albany,US,2021-01-19 17:06:01,42.6001,-73.9662,35.01,70,89,6.87
95,Qaanaaq,GL,2021-01-19 17:06:01,77.484,-69.3632,0.95,73,45,8.75
96,Takoradi,GH,2021-01-19 17:01:30,4.8845,-1.7554,81.7,79,25,10.0
97,Abonnema,NG,2021-01-19 17:06:01,4.7084,6.7931,87.8,70,75,5.75
98,Cabo San Lucas,MX,2021-01-19 17:01:20,22.8909,-109.9124,70.0,77,90,8.05
99,Luderitz,NA,2021-01-19 17:06:02,-26.6481,15.1594,73.85,55,0,30.44
100,Wairoa,NZ,2021-01-19 17:04:23,-39.0333,177.3667,60.58,67,78,5.73
101,Nago,JP,2021-01-19 17:06:02,26.5881,127.9761,57.2,77,75,10.36
102,Lompoc,US,2021-01-19 17:06:02,34.6391,-120.4579,50.0,81,18,2.35
103,Hithadhoo,MV,2021-01-19 17:06:02,-0.6,73.0833,81.41,69,38,7.38
104,Bar Harbor,US,2021-01-19 17:01:23,44.3876,-68.2039,30.0,36,1,10.36
105,Kuching,MY,2021-01-19 17:01:46,1.55,110.3333,77.0,94,40,4.61
106,Sao Joao Da Barra,BR,2021-01-19 17:02:00,-21.6403,-41.0511,89.6,45,0,14.97
107,Kamina,CD,2021-01-19 17:06:03,-8.7386,24.9906,67.78,90,44,4.65
108,Inta,RU,2021-01-19 17:06:03,66.0317,60.1659,-1.77,93,100,2.64
109,Juegang,CN,2021-01-19 17:06:04,32.3174,121.1855,39.99,83,0,1.01
110,Guerrero Negro,MX,2021-01-19 17:06:04,27.9769,-114.0611,64.18,68,63,16.04
111,Ponta Do Sol,PT,2021-01-19 17:06:04,32.6667,-17.1,60.01,63,100,3.0
112,Ereymentau,KZ,2021-01-19 17:06:04,51.6199,73.1033,-0.35,92,100,13.11
113,Vysha,RU,2021-01-19 17:06:05,53.8477,42.3777,-2.02,93,100,3.02
114,Hanyang,CN,2021-01-19 17:06:05,32.1371,105.5126,41.0,49,99,3.0
115,Yulara,AU,2021-01-19 17:06:05,-25.2406,130.9889,75.2,19,2,6.91
116,Barrow,US,2021-01-19 17:06:05,71.2906,-156.7887,1.4,78,90,23.02
117,Brae,GB,2021-01-19 17:06:05,60.3964,-1.353,37.4,93,40,4.61
118,Martinopolis,BR,2021-01-19 17:02:11,-22.1458,-51.1708,75.2,94,40,6.91
119,Morro Agudo,BR,2021-01-19 17:01:35,-20.7314,-48.0578,87.8,58,75,6.91
120,San Borja,BO,2021-01-19 17:06:06,-14.8167,-66.85,75.56,76,99,1.77
121,Port Alfred,ZA,2021-01-19 17:06:06,-33.5906,26.891,70.0,91,50,7.0
122,Comodoro Rivadavia,AR,2021-01-19 17:06:06,-45.8667,-67.5,77.0,44,20,10.36
123,Port Elizabeth,ZA,2021-01-19 17:06:06,-33.918,25.5701,69.8,88,20,29.93
124,Palmer,US,2021-01-19 17:06:07,42.1584,-72.3287,39.2,52,75,4.61
125,La Asuncion,VE,2021-01-19 17:06:07,11.0333,-63.8628,80.19,75,41,15.19
126,Angoche,MZ,2021-01-19 17:06:07,-16.2325,39.9086,81.75,82,52,6.98
127,Caxito,AO,2021-01-19 17:06:07,-8.5785,13.6643,80.6,69,40,8.05
128,Emerald,AU,2021-01-19 17:06:07,-23.5333,148.1667,77.0,78,20,4.61
129,Komsomolskiy,UZ,2021-01-19 17:06:07,40.4272,71.7189,44.6,61,90,3.51
130,Cumra,TR,2021-01-19 17:06:08,37.5732,32.7745,19.4,73,40,4.61
131,Puerto Madryn,AR,2021-01-19 17:02:33,-42.7692,-65.0385,78.1,36,34,5.01
132,Uruzgan,AF,2021-01-19 17:06:08,32.8333,66.0,44.26,56,0,5.7
133,Sioux Lookout,CA,2021-01-19 17:06:08,50.1001,-91.917,-4.0,77,90,4.61
134,North Bend,US,2021-01-19 17:05:06,43.4065,-124.2243,39.99,93,1,8.05
135,Port-Gentil,GA,2021-01-19 17:06:09,-0.7193,8.7815,84.2,74,40,9.22
136,Isangel,VU,2021-01-19 17:06:09,-19.55,169.2667,80.58,81,90,4.0
137,Ixtapa,MX,2021-01-19 17:02:27,20.7,-105.2,73.4,68,75,4.61
138,Ribeira Grande,PT,2021-01-19 17:06:09,38.5167,-28.7,62.6,59,20,26.46
139,Mount Isa,AU,2021-01-19 17:06:09,-20.7333,139.5,82.4,61,46,8.05
140,Port Said,EG,2021-01-19 17:01:56,31.2565,32.2841,59.0,72,40,8.05
141,Christchurch,NZ,2021-01-19 17:06:10,-43.5333,172.6333,55.0,61,99,3.44
142,Plouzane,FR,2021-01-19 17:06:10,48.3833,-4.6167,50.0,100,90,19.57
143,Tiksi,RU,2021-01-19 17:06:10,71.6872,128.8694,-26.41,86,100,2.89
144,Bertoua,CM,2021-01-19 17:06:10,4.5833,13.6833,84.69,19,74,2.82
145,Moba,CN,2021-01-19 17:06:10,33.2288,105.0179,28.4,96,100,2.04
146,Mehamn,NO,2021-01-19 17:06:10,71.0357,27.8492,24.8,80,20,10.36
147,Palasa,IN,2021-01-19 17:06:11,18.7667,84.4167,68.32,78,0,3.42
148,Russell,US,2021-01-19 17:06:11,32.3502,-85.1999,57.99,35,1,3.09
149,Ravar,IR,2021-01-19 17:06:11,31.2656,56.8055,51.08,43,10,3.67
150,Marrakesh,MA,2021-01-19 17:03:47,31.6315,-8.0083,66.2,32,0,3.44
151,Camocim,BR,2021-01-19 17:06:11,-2.9022,-40.8411,85.08,67,77,12.33
152,Mandurah,AU,2021-01-19 17:06:11,-32.55,115.7,73.99,85,10,1.48
153,Gold Coast,AU,2021-01-19 17:01:50,-28.0,153.4333,72.0,83,75,11.5
154,Bouloupari,NC,2021-01-19 17:06:12,-21.8667,166.05,75.2,100,75,2.3
155,Lasa,IT,2021-01-19 17:06:12,46.6166,10.7002,30.99,58,0,3.27
156,Upernavik,GL,2021-01-19 17:06:12,72.7868,-56.1549,13.89,76,99,8.52
157,Anamur,TR,2021-01-19 17:06:12,36.0751,32.8369,48.2,66,75,5.75
158,Wiarton,CA,2021-01-19 17:06:12,44.7407,-81.1332,32.0,64,90,14.97
159,Borogontsy,RU,2021-01-19 17:06:12,62.6683,131.1683,-51.72,75,24,5.55
160,Katsuura,JP,2021-01-19 17:06:13,35.1333,140.3,36.0,29,12,5.99
161,Yelan,RU,2021-01-19 17:06:13,50.949,43.7378,-1.84,93,96,4.5
162,Vila Franca Do Campo,PT,2021-01-19 17:06:13,37.7167,-25.4333,62.01,63,40,28.77
163,Napanee,CA,2021-01-19 17:01:27,44.2501,-76.9494,27.0,86,90,2.3
164,Sitka,US,2021-01-19 17:01:34,57.0531,-135.33,39.2,75,90,13.8
165,Sakakah,SA,2021-01-19 17:06:14,29.9697,40.2064,59.0,31,0,5.75
166,Celestun,MX,2021-01-19 17:06:14,20.8667,-90.4,77.63,68,5,9.01
167,Port Macquarie,AU,2021-01-19 17:06:14,-31.4333,152.9167,66.0,99,99,10.4
168,Dikson,RU,2021-01-19 17:06:14,73.5069,80.5464,-21.96,88,85,10.56
169,Da Nang,VN,2021-01-19 17:02:05,16.0678,108.2208,66.2,82,75,3.13
170,Portland,US,2021-01-19 17:02:16,45.5234,-122.6762,39.99,86,1,3.2
171,Saint-Pierre,RE,2021-01-19 17:06:15,-21.3393,55.4781,84.2,74,40,5.75
172,Kununurra,AU,2021-01-19 17:06:15,-15.7667,128.7333,78.8,94,100,3.44
173,La Peca,PE,2021-01-19 17:06:15,-5.6111,-78.435,69.37,83,99,4.09
174,Mahebourg,MU,2021-01-19 17:01:22,-20.4081,57.7,80.6,89,75,3.44
175,Lagoa,PT,2021-01-19 17:06:15,39.05,-27.9833,58.6,70,72,30.58
176,Kupang,ID,2021-01-19 17:06:16,-10.1667,123.5833,77.52,87,100,1.32
177,Talnakh,RU,2021-01-19 17:06:16,69.4865,88.3972,-25.47,85,100,2.98
178,Salalah,OM,2021-01-19 17:06:16,17.0151,54.0924,75.2,41,0,4.61
179,Bathsheba,BB,2021-01-19 17:06:16,13.2167,-59.5167,84.2,58,40,26.46
180,Baghdad,IQ,2021-01-19 17:05:23,33.3406,44.4009,55.4,50,0,10.36
181,Bilma,NE,2021-01-19 17:06:16,18.6853,12.9164,67.41,24,5,7.07
182,Geraldton,AU,2021-01-19 17:06:17,-28.7667,114.6,75.2,78,90,5.75
183,Belaya Gora,RU,2021-01-19 17:06:17,68.5333,146.4167,-43.89,81,26,2.46
184,East London,ZA,2021-01-19 17:06:17,-33.0153,27.9116,77.0,73,40,21.85
185,Nefteyugansk,RU,2021-01-19 17:06:17,61.0998,72.6035,-25.6,75,0,8.95
186,Beloha,MG,2021-01-19 17:06:17,-25.1667,45.05,75.07,78,99,14.65
187,Pacific Grove,US,2021-01-19 17:06:17,36.6177,-121.9166,57.99,17,1,15.55
188,Severo-Kurilsk,RU,2021-01-19 17:06:17,50.6789,156.125,14.16,87,89,23.4
189,Thompson,CA,2021-01-19 17:06:18,55.7435,-97.8558,-16.6,76,75,5.75
190,Tirumullaivasal,IN,2021-01-19 17:06:18,11.2333,79.8333,76.91,78,44,13.27
191,Butaritari,KI,2021-01-19 17:06:18,3.0707,172.7902,79.99,82,100,20.49
192,Hobart,AU,2021-01-19 17:06:18,-42.8794,147.3294,46.4,71,29,6.91
193,Salinopolis,BR,2021-01-19 17:06:18,-0.6136,-47.3561,82.13,77,67,10.29
194,Tonj,SS,2021-01-19 17:06:18,7.2737,28.6822,83.71,16,4,5.53
195,Bandarbeyla,SO,2021-01-19 17:06:19,9.4942,50.8122,74.98,73,78,21.23
196,Andenes,NO,2021-01-19 17:03:07,69.3143,16.1194,28.4,69,0,18.41
197,Skagen,DK,2021-01-19 17:06:19,57.7209,10.5839,36.0,95,99,10.0
198,Hambantota,LK,2021-01-19 17:06:19,6.1241,81.1185,78.84,83,37,1.19
199,Kruisfontein,ZA,2021-01-19 17:06:19,-34.0033,24.7314,72.0,77,52,7.0
200,Qasigiannguit,GL,2021-01-19 17:06:19,68.8193,-51.1922,21.2,68,75,1.14
201,Cherskiy,RU,2021-01-19 17:06:20,68.75,161.3,-39.68,81,100,6.64
202,Marsh Harbour,BS,2021-01-19 17:06:20,26.5412,-77.0636,69.62,56,0,13.29
203,Dunmore East,IE,2021-01-19 17:06:20,52.1514,-6.9861,51.01,100,90,19.57
204,Codrington,AU,2021-01-19 17:06:20,-38.2667,141.9667,48.06,89,0,6.04
205,Baruun-Urt,MN,2021-01-19 17:06:20,46.6806,113.2792,0.99,89,6,17.13
206,Quatre Cocos,MU,2021-01-19 17:06:20,-20.2078,57.7625,81.0,89,75,3.44
207,Atar,MR,2021-01-19 17:06:20,20.5169,-13.0499,80.46,12,68,15.7
208,Mar Del Plata,AR,2021-01-19 17:06:21,-38.0023,-57.5575,75.2,60,0,9.22
209,Bilibino,RU,2021-01-19 17:06:21,68.0546,166.4372,-41.96,76,96,1.3
210,Roald,NO,2021-01-19 17:06:21,62.5833,6.1333,37.0,64,40,14.97
211,Kirakira,SB,2021-01-19 17:06:21,-10.4544,161.9205,81.01,75,44,4.23
212,Bengkulu,ID,2021-01-19 17:06:21,-3.8004,102.2655,76.59,84,46,4.25
213,Port Lincoln,AU,2021-01-19 17:06:21,-34.7333,135.8667,61.11,77,20,12.06
214,Shetpe,KZ,2021-01-19 17:06:22,44.1667,52.1167,23.32,91,95,7.61
215,Sao Luis De Montes Belos,BR,2021-01-19 17:06:22,-16.525,-50.3722,82.63,68,95,5.91
216,Makakilo City,US,2021-01-19 17:06:22,21.3469,-158.0858,69.8,88,40,3.44
217,Ostrovnoy,RU,2021-01-19 17:06:22,68.0531,39.5131,17.53,96,100,24.61
218,Burnie,AU,2021-01-19 17:06:22,-41.0667,145.9167,50.25,66,0,9.66
219,Raudeberg,NO,2021-01-19 17:06:23,61.9875,5.1352,37.99,67,88,10.38
220,Nargana,PA,2021-01-19 17:06:23,9.4428,-78.5906,82.13,74,6,18.21
221,Pisco,PE,2021-01-19 17:04:36,-13.7,-76.2167,77.0,69,0,8.05
222,Sidi Ali,DZ,2021-01-19 17:06:23,36.0998,0.4206,52.39,59,7,1.79
223,Yerbogachen,RU,2021-01-19 17:06:23,61.2767,108.0108,-41.87,80,100,4.5
224,Tymovskoye,RU,2021-01-19 17:06:23,50.8456,142.655,-15.66,84,68,2.37
225,Ahipara,NZ,2021-01-19 17:06:24,-35.1667,173.1667,64.18,87,99,13.11
226,Casino,AU,2021-01-19 17:02:52,-28.8667,153.05,71.6,88,75,9.22
227,Fortuna,US,2021-01-19 17:06:24,40.5982,-124.1573,50.0,87,1,6.91
228,Kindu,CD,2021-01-19 17:06:24,-2.95,25.95,74.64,80,95,1.61
229,Lota,CL,2021-01-19 17:06:24,-37.0833,-73.1667,62.6,77,40,13.8
230,Ouadda,CF,2021-01-19 17:06:24,8.0777,22.4007,79.12,20,19,5.32
231,Chazuta,PE,2021-01-19 17:06:25,-6.5742,-76.1367,89.6,55,75,3.44
232,Sarata,UA,2021-01-19 17:06:25,46.0197,29.6657,19.44,92,0,5.3
233,Slave Lake,CA,2021-01-19 17:03:31,55.2834,-114.769,23.0,80,75,5.75
234,Lebu,CL,2021-01-19 17:06:25,-37.6167,-73.65,65.14,67,0,20.47
235,Villazon,BO,2021-01-19 17:06:25,-22.0866,-65.5942,60.87,44,27,10.42
236,Iberia,US,2021-01-19 17:06:25,29.9502,-91.7507,70.0,60,1,19.57
237,Faya,SA,2021-01-19 17:06:26,18.3851,42.4509,59.0,88,0,5.75
238,Manadhoo,MV,2021-01-19 17:06:26,5.7667,73.3833,82.0,69,0,8.95
239,Lerwick,GB,2021-01-19 17:06:26,60.1545,-1.1494,37.4,93,40,4.61
240,Raymore,US,2021-01-19 17:02:47,38.8019,-94.4527,39.0,65,1,12.66
241,Lata,PT,2021-01-19 17:06:26,40.1629,-8.3327,55.99,83,100,5.99
242,Koslan,RU,2021-01-19 17:06:26,63.4564,48.8989,8.06,95,100,7.9
243,Praia Da Vitoria,PT,2021-01-19 17:06:27,38.7333,-27.0667,62.6,63,40,24.38
244,Nioro,GM,2021-01-19 17:06:27,13.35,-15.75,98.49,8,0,7.99
245,Neiafu,TO,2021-01-19 17:06:27,-18.65,-173.9833,75.2,94,75,7.31
246,Itamarandiba,BR,2021-01-19 17:06:27,-17.8572,-42.8589,74.93,75,18,6.29
247,Lorengau,PG,2021-01-19 17:06:27,-2.0226,147.2712,81.99,76,76,7.61
248,Nha Trang,VN,2021-01-19 17:06:27,12.25,109.1833,73.4,68,40,8.05
249,Necochea,AR,2021-01-19 17:01:52,-38.5473,-58.7368,81.7,38,0,11.03
250,Kavieng,PG,2021-01-19 17:06:28,-2.5744,150.7967,81.32,78,100,11.74
251,Riesi,IT,2021-01-19 17:06:28,37.2819,14.0823,53.6,62,0,4.61
252,Luba,GQ,2021-01-19 17:06:28,3.4568,8.5547,84.2,79,20,8.05
253,Mackay,AU,2021-01-19 17:01:37,-21.15,149.2,71.6,94,40,4.61
254,Kargala,RU,2021-01-19 17:06:28,56.6208,83.9607,-17.77,88,68,6.04
255,Srednekolymsk,RU,2021-01-19 17:06:29,67.45,153.6833,-44.34,79,44,5.01
256,Jennings,US,2021-01-19 17:06:29,38.7192,-90.2604,39.0,86,40,8.05
257,Ochamchira,GE,2021-01-19 17:06:29,42.7121,41.4721,37.49,77,40,3.69
258,Shizuishan,CN,2021-01-19 17:06:29,39.2333,106.7694,22.55,70,0,3.96
259,Dagana,MR,2021-01-19 17:06:29,16.5165,-15.5068,89.6,17,47,4.61
260,Jieshi,CN,2021-01-19 17:06:29,22.8134,115.8257,58.89,74,83,20.62
261,Coihaique,CL,2021-01-19 17:06:29,-45.5752,-72.0662,73.4,46,20,8.05
262,Mircea Voda,RO,2021-01-19 17:06:30,44.2833,28.1667,25.0,93,38,5.75
263,High Prairie,CA,2021-01-19 17:06:30,55.4334,-116.4858,32.0,59,100,18.41
264,Darhan,MN,2021-01-19 17:06:30,49.4867,105.9228,11.75,88,76,10.29
265,Portales,US,2021-01-19 17:04:37,34.1862,-103.3344,37.4,44,90,21.85
266,Carutapera,BR,2021-01-19 17:06:30,-1.195,-46.02,80.8,86,73,8.3
267,Esso,RU,2021-01-19 17:06:30,55.9333,158.7,3.88,87,100,4.32
268,Khatanga,RU,2021-01-19 17:06:31,71.9667,102.5,-32.13,83,57,7.65
269,Phan Thiet,VN,2021-01-19 17:06:31,10.9333,108.1,70.45,77,97,2.19
270,Mayo,US,2021-01-19 17:06:31,38.8876,-76.5119,48.0,42,40,8.05
271,Singaraja,ID,2021-01-19 17:06:31,-8.112,115.0882,78.69,71,100,3.11
272,Malatya,TR,2021-01-19 17:04:31,38.5,38.0,23.0,68,0,4.61
273,Port Hedland,AU,2021-01-19 17:06:31,-20.3167,118.5667,86.0,79,84,8.05
274,Matamoros,MX,2021-01-19 17:05:32,25.5333,-103.25,71.6,21,75,5.75
275,Port Blair,IN,2021-01-19 17:06:32,11.6667,92.75,77.94,75,67,10.49
276,Igrim,RU,2021-01-19 17:06:32,63.1906,64.4162,-18.22,84,14,6.24
277,Castro,BR,2021-01-19 17:06:32,-24.7911,-50.0119,68.0,92,100,9.01
278,Erzin,TR,2021-01-19 17:06:32,36.9559,36.2,46.99,53,87,5.99
279,San Isidro,PE,2021-01-19 17:06:32,-12.1167,-77.05,77.0,65,0,6.91
280,Dunedin,NZ,2021-01-19 17:02:14,-45.8742,170.5036,52.0,63,53,16.87
281,Aktash,RU,2021-01-19 17:06:33,50.3,87.7333,8.89,87,82,4.97
282,Yangambi,CD,2021-01-19 17:06:33,0.8102,24.4336,80.19,59,94,1.34
283,La Ronge,CA,2021-01-19 17:06:33,55.1001,-105.2842,10.4,85,100,8.05
284,Ancud,CL,2021-01-19 17:06:33,-41.8697,-73.8203,75.99,60,40,5.75
285,Norman Wells,CA,2021-01-19 17:06:33,65.282,-126.8329,12.2,92,90,5.75
286,Derazhnya,UA,2021-01-19 17:06:33,49.2692,27.4338,10.4,93,12,5.28
287,Biloela,AU,2021-01-19 17:06:34,-24.4167,150.5,71.2,84,21,3.6
288,Salumbar,IN,2021-01-19 17:06:34,24.1333,74.05,66.22,35,0,7.56
289,Jining,CN,2021-01-19 17:06:34,35.405,116.5814,35.47,88,0,8.21
290,Portobelo,PA,2021-01-19 17:06:34,9.55,-79.65,90.0,74,12,14.0
291,Arman,RU,2021-01-19 17:06:34,59.7,150.1667,-12.91,78,100,12.73
292,Elko,US,2021-01-19 17:06:34,41.0002,-115.5012,28.99,62,0,15.01
293,Aktau,KZ,2021-01-19 17:06:35,43.65,51.2,26.6,74,0,8.95
294,Westport,US,2021-01-19 17:06:35,41.1415,-73.3579,41.0,60,1,8.05
295,Bubaque,GW,2021-01-19 17:06:35,11.2833,-15.8333,82.4,50,18,5.99
296,Turangi,NZ,2021-01-19 17:06:35,-39.0,175.9333,55.0,93,85,1.01
297,Urumqi,CN,2021-01-19 17:06:35,43.801,87.6005,1.4,92,99,2.55
298,Trebukhiv,UA,2021-01-19 17:06:35,50.4843,30.903,8.01,84,92,2.24
299,Goderich,CA,2021-01-19 17:06:35,43.7501,-81.7165,28.4,69,88,20.71
300,Tsiroanomandidy,MG,2021-01-19 17:06:36,-18.7667,46.0333,74.53,82,65,5.75
301,Yantongshan,CN,2021-01-19 17:06:36,43.2919,126.0094,0.73,85,35,6.58
302,Seoul,KR,2021-01-19 17:03:31,37.5683,126.9778,17.6,67,0,2.3
303,Tuatapere,NZ,2021-01-19 17:06:36,-46.1333,167.6833,46.0,86,99,11.99
304,Castlemaine,AU,2021-01-19 17:06:37,-37.0667,144.2167,51.01,84,0,3.0
305,Haimen,CN,2021-01-19 17:06:37,23.1935,116.6142,60.8,63,75,2.24
306,Luwuk,ID,2021-01-19 17:06:37,-0.9516,122.7875,79.16,79,100,1.68
307,Bethel,US,2021-01-19 17:06:37,41.3712,-73.414,37.4,52,90,5.75
308,Tokur,RU,2021-01-19 17:06:38,53.1333,132.9,-35.7,82,46,3.65
309,Abong Mbang,CM,2021-01-19 17:06:38,3.9833,13.1833,83.28,22,60,2.19
310,Kendari,ID,2021-01-19 17:06:38,-3.945,122.4989,75.67,87,100,3.33
311,Bay Roberts,CA,2021-01-19 17:06:38,47.5999,-53.2648,39.99,78,100,5.01
312,Plettenberg Bay,ZA,2021-01-19 17:06:38,-34.0527,23.3716,69.12,76,62,11.79
313,Namibe,AO,2021-01-19 17:06:11,-15.1961,12.1522,73.62,72,94,12.48
314,Dingle,PH,2021-01-19 17:06:39,10.9995,122.6711,72.32,92,100,5.12
315,Dalbandin,PK,2021-01-19 17:06:39,28.8947,64.4101,61.86,34,0,5.48
316,Barcelos,PT,2021-01-19 17:06:39,41.5388,-8.6151,55.4,71,90,21.85
317,Sovetskiy,RU,2021-01-19 17:03:01,61.3614,63.5842,-16.91,85,0,6.26
318,Sabzevar,IR,2021-01-19 17:03:25,36.2126,57.6819,47.48,51,0,5.37
319,Benghazi,LY,2021-01-19 17:06:40,32.1167,20.0667,57.07,63,83,17.52
320,Laplace,US,2021-01-19 17:06:40,30.0666,-90.4801,69.8,49,1,16.11
321,Xichang,CN,2021-01-19 17:06:40,27.8964,102.2634,42.24,74,4,0.34
322,Leningradskiy,RU,2021-01-19 17:06:40,69.3833,178.4167,-16.91,87,100,14.67
323,Hervey Bay,AU,2021-01-19 17:05:42,-25.2986,152.8535,72.0,89,40,3.0
324,Sechura,PE,2021-01-19 17:06:41,-5.5569,-80.8222,81.63,51,100,6.02
325,Saint Anthony,US,2021-01-19 17:06:41,45.0205,-93.218,16.0,79,90,9.22
326,Chuy,UY,2021-01-19 17:06:41,-33.6971,-53.4616,82.38,36,0,5.61
327,Asfi,MA,2021-01-19 17:03:40,32.2994,-9.2372,58.23,70,67,6.85
328,Sumbe,AO,2021-01-19 17:06:41,-11.2061,13.8437,78.78,69,99,7.72
329,Coihueco,CL,2021-01-19 17:06:41,-36.6167,-71.8333,86.0,39,0,6.91
330,Luganville,VU,2021-01-19 17:06:41,-15.5333,167.1667,79.34,84,88,2.98
331,Esperance,AU,2021-01-19 17:06:42,-33.8667,121.9,73.4,53,11,14.97
332,Solnechnogorsk,RU,2021-01-19 17:06:42,56.1833,36.9833,10.4,85,90,4.47
333,Luebo,CD,2021-01-19 17:06:42,-5.35,21.4167,74.48,88,96,1.95
334,Coquimbo,CL,2021-01-19 17:06:42,-29.9533,-71.3436,66.2,68,20,12.66
335,Tereze,RU,2021-01-19 17:06:42,43.9361,42.4434,14.0,92,56,4.47
336,Eyrarbakki,IS,2021-01-19 17:06:43,63.863,-21.1481,33.8,75,75,18.41
337,Kyra,RU,2021-01-19 17:06:43,49.5776,111.9753,8.94,86,99,1.99
338,Tomakomai,JP,2021-01-19 17:06:43,42.6369,141.6033,10.0,72,20,4.61
339,Ferme-Neuve,CA,2021-01-19 17:06:44,46.7001,-75.4493,12.2,73,99,3.44
340,Balkhash,KZ,2021-01-19 17:06:44,46.844,74.9804,18.9,94,96,3.87
341,Rantepao,ID,2021-01-19 17:06:44,-2.9701,119.8978,66.16,83,100,3.74
342,Chokwe,MZ,2021-01-19 17:06:44,-24.5333,32.9833,78.73,72,91,7.58
343,Namatanai,PG,2021-01-19 17:06:44,-3.6667,152.4333,79.25,83,100,7.36
344,Lucea,JM,2021-01-19 17:06:45,18.451,-78.1736,82.99,69,75,19.57
345,Banes,CU,2021-01-19 17:06:07,20.9625,-75.7186,80.6,65,75,18.41
346,Romitan,UZ,2021-01-19 17:06:45,39.9343,64.3814,46.4,61,0,4.61
347,Charters Towers,AU,2021-01-19 17:06:45,-20.1,146.2667,72.86,90,71,5.32
348,Shenjiamen,CN,2021-01-19 17:06:45,29.9576,122.298,49.87,76,76,11.81
349,Torbay,CA,2021-01-19 17:03:18,47.6666,-52.7314,39.0,87,75,14.97
350,Laguna,US,2021-01-19 17:06:46,38.421,-121.4238,55.0,26,1,20.71
351,Saskylakh,RU,2021-01-19 17:06:46,71.9167,114.0833,-23.15,86,100,6.02
352,Udachnyy,RU,2021-01-19 17:06:46,66.4167,112.4,-56.06,56,92,2.64
353,Khor,RU,2021-01-19 17:06:46,47.8861,134.9464,-14.15,85,0,10.27
354,Bonavista,CA,2021-01-19 17:06:46,48.6499,-53.1147,39.0,87,100,1.14
355,Szydlowiec,PL,2021-01-19 17:06:47,51.2282,20.8611,30.0,83,100,7.72
356,Clyde River,CA,2021-01-19 17:06:47,70.4692,-68.5914,-2.2,92,75,3.44
357,Okha,RU,2021-01-19 17:06:47,53.5739,142.9478,-13.16,81,100,30.42
358,Nyurba,RU,2021-01-19 17:06:47,63.2842,118.3319,-46.39,76,100,8.16
359,Reserva,BR,2021-01-19 17:02:35,-24.6503,-50.8506,71.02,99,99,2.86
360,Guasdualito,VE,2021-01-19 17:06:47,7.2424,-70.7324,88.99,45,23,8.55
361,Hanahan,US,2021-01-19 17:06:48,32.9185,-80.022,60.01,33,1,4.61
362,Elban,RU,2021-01-19 17:06:48,50.1018,136.5094,-13.52,83,0,4.9
363,Ranong,TH,2021-01-19 17:06:48,9.9658,98.6348,72.0,85,85,6.22
364,Palamos,ES,2021-01-19 17:06:49,41.8484,3.1291,53.01,25,0,11.41
365,Ler,SS,2021-01-19 17:06:49,8.3018,30.1418,83.89,18,24,5.17
366,Rawson,AR,2021-01-19 17:06:49,-43.3002,-65.1023,78.91,34,12,4.63
367,Opuwo,NA,2021-01-19 17:06:49,-18.0607,13.84,75.97,50,100,2.53
368,Shingu,JP,2021-01-19 17:06:49,33.7333,135.9833,31.42,90,0,6.91
369,Hadishahr,AZ,2021-01-19 17:06:49,38.8431,45.6635,28.4,100,90,11.5
370,Kathmandu,NP,2021-01-19 17:06:50,27.7167,85.3167,48.2,81,20,4.61
371,Harper,LR,2021-01-19 17:06:50,4.375,-7.7169,82.33,74,16,6.87
372,Talara,PE,2021-01-19 17:06:50,-4.5772,-81.2719,86.0,48,75,11.5
373,Tautira,PF,2021-01-19 17:06:50,-17.7333,-149.15,80.6,74,20,3.44
374,Naze,JP,2021-01-19 17:04:55,28.3667,129.4833,56.43,70,31,8.25
375,Gornopravdinsk,RU,2021-01-19 17:06:51,60.05,69.9,-25.02,84,0,1.72
376,Makat,KZ,2021-01-19 17:06:51,47.6469,53.3463,13.57,93,16,8.75
377,Adrar,MR,2021-01-19 17:06:51,20.5022,-10.0711,74.79,16,5,13.58
378,Ambulu,ID,2021-01-19 17:06:51,-8.345,113.6058,76.14,85,100,1.3
379,Sinnamary,GF,2021-01-19 17:06:51,5.3833,-52.95,81.84,70,76,13.24
380,Ashqelon,IL,2021-01-19 17:06:51,31.6693,34.5715,53.6,82,75,3.44
381,Natal,BR,2021-01-19 17:06:51,-5.795,-35.2094,84.2,65,40,13.8
382,Marica,BR,2021-01-19 17:06:52,-22.9194,-42.8186,89.6,78,20,17.27
383,Riachao Das Neves,BR,2021-01-19 17:06:52,-11.7461,-44.91,87.31,42,26,5.12
384,Chitrakonda,IN,2021-01-19 17:06:52,18.1167,82.0833,64.69,63,0,3.42
385,Omboue,GA,2021-01-19 17:06:52,-1.5746,9.2618,80.87,73,41,5.66
386,Hobyo,SO,2021-01-19 17:06:52,5.3505,48.5268,77.29,76,74,19.95
387,Strezhevoy,RU,2021-01-19 17:06:53,60.7333,77.5889,-27.4,75,0,4.47
388,Gat,IL,2021-01-19 17:06:53,31.61,34.7642,52.0,100,80,10.33
389,Alexandria,EG,2021-01-19 17:06:53,31.2156,29.9553,57.2,58,40,12.66
390,Vao,NC,2021-01-19 17:06:53,-22.6667,167.4833,78.84,84,66,4.05
391,Pangnirtung,CA,2021-01-19 17:06:53,66.1451,-65.7125,30.2,59,75,21.85
392,Luang Prabang,LA,2021-01-19 17:06:53,19.8856,102.1347,60.04,72,0,0.92
393,Ewa Beach,US,2021-01-19 17:06:53,21.3156,-158.0072,69.8,88,40,3.44
394,Linhai,CN,2021-01-19 17:06:54,28.85,121.1167,46.0,67,89,0.67
395,Kiama,AU,2021-01-19 17:06:54,-34.6833,150.8667,63.0,90,94,5.01
396,Veraval,IN,2021-01-19 17:06:25,20.9,70.3667,71.46,44,0,12.71
397,Helong,CN,2021-01-19 17:06:54,42.5397,128.9972,4.37,84,0,4.18
398,Ostersund,SE,2021-01-19 17:06:54,63.1792,14.6357,5.0,85,90,3.85
399,Sao Filipe,CV,2021-01-19 17:06:54,14.8961,-24.4956,74.68,62,100,9.26
400,Nikolskoye,RU,2021-01-19 17:06:55,59.7035,30.7861,23.0,86,75,2.24
401,Kerewan,GM,2021-01-19 17:06:55,13.4898,-16.0888,93.2,21,0,10.0
402,Vagur,FO,2021-01-19 17:06:55,61.4732,-6.8119,40.42,73,41,10.27
403,Mount Gambier,AU,2021-01-19 17:06:55,-37.8333,140.7667,46.4,87,0,8.05
404,Barra,BR,2021-01-19 17:06:55,-11.0894,-43.1417,88.34,35,13,5.01
405,Shizunai,JP,2021-01-19 17:06:55,42.3339,142.3669,18.81,87,84,16.71
406,Jalu,LY,2021-01-19 17:06:56,29.0331,21.5482,54.59,51,39,8.39
407,De Aar,ZA,2021-01-19 17:06:56,-30.6497,24.0123,89.69,12,26,17.27
408,Riberalta,BO,2021-01-19 17:06:56,-10.9833,-66.1,80.6,69,75,11.5
409,Panama City,PA,2021-01-19 17:03:28,8.9936,-79.5197,91.4,62,20,14.97
410,Kahului,US,2021-01-19 17:06:56,20.8947,-156.47,71.6,68,40,12.66
411,Senneterre,CA,2021-01-19 17:06:56,48.3835,-77.2328,8.6,85,90,6.91
412,La Tuque,CA,2021-01-19 17:06:56,47.4334,-72.7824,6.8,61,74,3.44
413,Beska,RS,2021-01-19 17:06:57,45.1297,20.0661,37.4,93,100,4.61
414,Tromso,NO,2021-01-19 17:06:57,69.6496,18.957,21.2,73,0,3.44
415,Quarai,BR,2021-01-19 17:06:57,-30.3875,-56.4514,89.58,21,0,12.77
416,Klaksvik,FO,2021-01-19 17:06:57,62.2266,-6.589,35.6,87,42,9.22
417,Bayir,TR,2021-01-19 17:06:57,37.2687,28.2167,39.2,30,0,5.75
418,Constitucion,CL,2021-01-19 17:06:57,-35.3333,-72.4167,69.26,64,7,7.05
419,Kanashevo,RU,2021-01-19 17:06:58,55.2169,62.0634,5.0,85,75,6.71
420,Nome,US,2021-01-19 17:06:58,64.5011,-165.4064,-2.2,78,1,20.71
421,Vestmannaeyjar,IS,2021-01-19 17:06:58,63.4427,-20.2734,33.8,69,40,11.5
422,Dabat,ET,2021-01-19 17:06:58,12.9842,37.765,53.02,41,64,2.06
423,Minusinsk,RU,2021-01-19 17:06:58,53.7103,91.6875,10.4,67,0,6.71
424,Faanui,PF,2021-01-19 17:06:59,-16.4833,-151.75,81.03,73,1,13.94
425,Ranau,MY,2021-01-19 17:06:59,5.9538,116.6641,77.0,94,20,2.3
426,Roma,US,2021-01-19 17:06:35,43.2128,-75.4557,35.01,74,90,13.42
427,Xinyu,CN,2021-01-19 17:05:15,27.8043,114.9334,45.72,57,0,2.82
428,Oksfjord,NO,2021-01-19 17:06:59,70.2396,22.3479,30.2,64,0,16.11
429,Longyearbyen,SJ,2021-01-19 17:06:59,78.2186,15.6401,17.6,62,20,23.02
430,Nanuque,BR,2021-01-19 17:06:59,-17.8392,-40.3539,88.39,41,0,8.95
431,Saint-Louis,SN,2021-01-19 17:07:00,16.3333,-15.0,89.6,17,40,4.61
432,Cockburn Town,TC,2021-01-19 17:07:00,21.4612,-71.1419,82.4,65,40,14.97
433,Tessalit,ML,2021-01-19 17:07:00,20.1986,1.0114,79.21,14,75,8.84
434,Kumbhraj,IN,2021-01-19 17:07:00,24.3667,77.05,63.12,48,0,6.64
435,Antalaha,MG,2021-01-19 17:07:00,-14.9003,50.2788,74.61,92,100,15.7
436,Moerai,PF,2021-01-19 17:07:00,-22.4333,-151.3333,80.4,75,96,13.06
437,Nyagan,RU,2021-01-19 17:07:01,62.1406,65.3936,-17.16,83,4,5.93
438,Namie,JP,2021-01-19 17:07:01,37.4833,141.0,27.0,66,66,9.89
439,Pedra Azul,BR,2021-01-19 17:07:01,-16.0053,-41.2972,86.38,30,0,6.85
440,Itoman,JP,2021-01-19 17:07:01,26.1247,127.6694,62.6,67,75,11.5
441,Palestine,PS,2021-01-19 17:03:31,31.9216,35.2033,53.6,82,75,3.44
442,Leshukonskoye,RU,2021-01-19 17:07:01,64.8989,45.7622,14.74,96,99,7.58
443,Bestobe,KZ,2021-01-19 17:07:02,52.4994,73.0975,-4.99,90,94,7.61
444,Zeya,RU,2021-01-19 17:07:02,53.75,127.2667,-23.01,83,78,3.13
445,Hun,LY,2021-01-19 17:07:02,29.1268,15.9477,57.47,48,37,7.0
446,Togul,RU,2021-01-19 17:07:02,53.465,85.9128,-9.17,90,88,3.65
447,Havoysund,NO,2021-01-19 17:07:02,70.9963,24.6622,24.8,100,90,10.36
448,Paramonga,PE,2021-01-19 17:07:02,-10.6667,-77.8333,76.44,66,34,9.71
449,Ola,RU,2021-01-19 17:07:03,59.5833,151.2833,-15.66,81,100,13.6
450,Bulawayo,ZW,2021-01-19 17:04:59,-20.15,28.5833,64.36,88,95,10.4
451,Mildura,AU,2021-01-19 17:07:03,-34.2,142.15,62.6,34,0,9.22
452,Krasnyy Yar,RU,2021-01-19 17:07:03,46.5331,48.3456,21.2,79,75,4.47
453,Surt,LY,2021-01-19 17:07:03,31.2089,16.5887,58.51,57,6,10.71
454,Anna,RU,2021-01-19 17:07:03,51.4842,40.4299,0.91,94,100,4.27
455,Antofagasta,CL,2021-01-19 17:07:05,-23.65,-70.4,75.0,64,20,13.8
456,Preston,GB,2021-01-19 17:07:05,53.7667,-2.7167,48.99,100,75,17.27
457,Broken Hill,AU,2021-01-19 17:07:05,-31.95,141.4333,69.8,19,25,9.22
458,Zima,RU,2021-01-19 17:07:05,53.9202,102.0442,6.69,95,100,1.92
459,Majene,ID,2021-01-19 17:07:05,-3.5403,118.9707,76.98,84,100,4.25
460,Prince Rupert,CA,2021-01-19 17:07:05,54.3161,-130.3201,41.0,81,90,11.5
461,Kawalu,ID,2021-01-19 17:07:06,-7.3817,108.2082,73.76,89,100,2.86
462,Rafai,CF,2021-01-19 17:07:06,4.95,23.9167,83.57,23,43,2.62
463,Clyde,US,2021-01-19 17:07:06,41.3042,-82.9752,30.99,75,26,3.0
464,Meybod,IR,2021-01-19 17:07:06,32.2501,54.0166,53.6,17,0,4.61
465,Karratha,AU,2021-01-19 17:07:06,-20.7377,116.8463,88.52,62,13,11.01
466,Bulgan,MN,2021-01-19 17:07:06,48.8125,103.5347,13.89,78,1,4.7
467,Severomuysk,RU,2021-01-19 17:07:07,56.1481,113.4267,-14.91,91,99,1.39
468,Antsohihy,MG,2021-01-19 17:02:11,-14.8796,47.9875,75.81,95,100,5.73
469,Xiuyan,CN,2021-01-19 17:07:07,40.2928,123.2744,12.09,92,98,3.85
470,Husavik,IS,2021-01-19 17:07:07,66.0449,-17.3389,32.0,86,90,19.57
471,Deputatskiy,RU,2021-01-19 17:07:07,69.3,139.9,-37.1,85,49,0.22
472,San Quintin,MX,2021-01-19 17:07:07,30.4833,-115.95,62.26,73,97,17.47
473,Desaguadero,PE,2021-01-19 17:07:08,-16.5656,-69.0417,54.25,62,32,10.76
474,Beitbridge,ZW,2021-01-19 17:07:08,-22.2167,30.0,75.13,66,76,14.32
475,Manuk Mangkaw,PH,2021-01-19 17:07:08,4.8,119.85,82.0,78,43,9.57
476,Petropavl,KZ,2021-01-19 17:07:08,54.8753,69.1628,-5.22,90,95,7.7
477,Kundiawa,PG,2021-01-19 17:07:08,-6.0167,144.9667,59.92,78,99,2.77
478,Kristiansund,NO,2021-01-19 17:07:08,63.1115,7.732,32.0,64,0,3.44
479,Mizque,BO,2021-01-19 17:07:08,-17.941,-65.3402,72.36,43,32,8.14
480,Ugoofaaru,MV,2021-01-19 17:07:09,5.6667,73.0,82.04,70,0,9.91
481,Usvyaty,RU,2021-01-19 17:07:09,55.7456,30.7533,7.2,96,96,2.33
482,Nichinan,JP,2021-01-19 17:04:52,31.6,131.3667,35.01,80,41,5.99
483,Ambovombe,MG,2021-01-19 17:07:09,-25.1667,46.0833,75.6,86,98,18.59
484,Petatlan,MX,2021-01-19 17:07:09,17.5167,-101.2667,86.0,66,75,3.62
485,Abnub,EG,2021-01-19 17:07:10,27.2696,31.1511,66.2,37,0,13.8
486,Ufimskiy,RU,2021-01-19 17:07:10,56.7084,58.0517,12.34,95,100,13.0
487,Vardo,NO,2021-01-19 17:03:07,70.3705,31.1107,21.2,86,75,11.5
488,Cartagena Del Chaira,CO,2021-01-19 17:07:10,1.3349,-74.8429,90.21,40,77,7.45
489,Belchatow,PL,2021-01-19 17:04:45,51.3688,19.3567,33.8,93,100,4.61
490,Barao De Melgaco,BR,2021-01-19 17:05:07,-16.1944,-55.9675,78.8,78,75,5.75
491,Souillac,MU,2021-01-19 17:07:11,-20.5167,57.5167,80.6,89,75,3.44
492,Grand-Santi,GF,2021-01-19 17:07:11,4.25,-54.3833,86.68,56,46,6.42
493,Kholodnyy,RU,2021-01-19 17:07:11,62.7167,147.95,-29.51,82,64,3.58
494,Estelle,US,2021-01-19 17:07:11,29.8458,-90.1067,69.01,63,20,10.36
495,Marienburg,PL,2021-01-19 17:07:11,54.0359,19.0266,23.0,100,90,9.22
496,Moyale,KE,2021-01-19 17:07:11,3.5167,39.0584,79.72,26,100,11.36
497,Gorontalo,ID,2021-01-19 17:07:12,0.5412,123.0595,77.63,86,89,2.1
498,Svetlaya,RU,2021-01-19 17:07:12,46.5389,138.3297,-3.98,77,5,8.16
499,Camacupa,AO,2021-01-19 17:04:15,-12.0167,17.4833,67.6,83,100,8.21
500,Santiago Del Estero,AR,2021-01-19 17:07:12,-27.7951,-64.2615,88.0,30,6,1.99
501,Olinda,BR,2021-01-19 17:07:12,-8.0089,-34.8553,82.4,65,40,9.22
502,Rocha,UY,2021-01-19 17:07:12,-34.4833,-54.3333,90.84,25,0,4.47
503,Mahajanga,MG,2021-01-19 17:07:12,-15.7167,46.3167,82.4,89,40,14.97
504,Oil City,US,2021-01-19 17:07:13,41.4339,-79.7064,30.99,69,90,11.5
505,Rio Gallegos,AR,2021-01-19 17:06:37,-51.6226,-69.2181,68.0,37,40,9.22
506,Sandwick,GB,2021-01-19 17:07:13,60.0,-1.25,37.4,93,40,4.61
507,Anse-Bertrand,GP,2021-01-19 17:07:13,16.4721,-61.5078,82.4,65,40,16.11
508,Fort Dix,US,2021-01-19 17:07:14,40.0298,-74.6185,41.0,60,0,3.0
509,Oskemen,KZ,2021-01-19 17:07:14,49.9565,82.6119,1.4,85,20,2.24
510,Sturgeon Bay,US,2021-01-19 17:07:15,44.8342,-87.377,19.4,68,20,11.5
511,Los Llanos De Aridane,ES,2021-01-19 17:06:14,28.6585,-17.9182,66.2,63,40,1.14
512,Tiarei,PF,2021-01-19 17:07:15,-17.5333,-149.3333,80.6,74,20,3.44
513,Bosconia,CO,2021-01-19 17:07:16,9.9689,-73.8836,97.68,20,84,9.44
514,Gamba,GA,2021-01-19 17:07:16,-2.65,10.0,79.7,76,99,5.41
515,Haines Junction,CA,2021-01-19 17:07:16,60.7522,-137.5108,30.2,74,100,4.61
516,Zhigansk,RU,2021-01-19 17:07:17,66.7697,123.3711,-53.84,72,52,3.58
517,Ojinaga,MX,2021-01-19 17:07:17,29.5667,-104.4167,53.6,40,1,5.75
518,Hay River,CA,2021-01-19 17:05:57,60.8156,-115.7999,28.4,74,100,18.41
519,Pareora,NZ,2021-01-19 17:07:18,-44.4871,171.2132,52.0,43,65,9.33
520,Kamenka,RU,2021-01-19 17:07:18,51.3223,42.7678,-7.01,85,100,2.57
521,Shahr-E Babak,IR,2021-01-19 17:07:18,30.1165,55.1186,46.56,44,0,5.03
522,Waverly,US,2021-01-19 17:07:18,42.7392,-84.6208,28.4,74,90,13.8
523,Zastavna,UA,2021-01-19 17:07:18,48.5231,25.8437,18.27,95,95,4.25
524,Moose Factory,CA,2021-01-19 17:06:18,51.2585,-80.6094,-4.0,71,20,6.91
525,Borshchiv,UA,2021-01-19 17:07:19,48.8033,26.0435,16.7,97,95,4.76
526,Knokke-Heist,BE,2021-01-19 17:07:19,51.3333,3.3333,48.2,81,75,29.93
527,Luau,AO,2021-01-19 17:07:19,-10.7073,22.2247,69.1,95,84,4.18
528,Belmonte,BR,2021-01-19 17:07:19,-15.8631,-38.8828,84.2,61,40,12.66
529,Winder,US,2021-01-19 17:07:19,33.9926,-83.7202,57.99,26,1,10.36
530,Puerto Madero,MX,2021-01-19 17:07:19,14.7208,-92.4215,87.8,55,20,3.44
531,Bayevo,RU,2021-01-19 17:07:20,53.2833,80.7667,-12.8,88,85,2.37
532,Iqaluit,CA,2021-01-19 17:07:20,63.7506,-68.5145,32.0,86,90,16.11
533,Ulaanbaatar,MN,2021-01-19 17:07:20,47.9077,106.8832,-9.4,84,41,6.71
534,Chapais,CA,2021-01-19 17:07:20,49.7834,-74.8492,-4.0,77,90,3.44
535,Monze,ZM,2021-01-19 17:07:20,-16.2833,27.4833,68.99,94,100,1.72
536,Narsaq,GL,2021-01-19 17:03:08,60.9167,-46.05,28.4,54,75,2.3
537,Teknaf,BD,2021-01-19 17:07:20,20.8624,92.3058,62.6,74,6,5.26
538,Sorland,NO,2021-01-19 17:07:21,67.667,12.6934,35.6,64,0,16.11
539,Mahanoro,MG,2021-01-19 17:07:21,-19.9,48.8,79.39,87,32,6.33
540,Pemangkat,ID,2021-01-19 17:07:21,1.1667,108.9667,77.7,88,100,9.35
541,Mangochi,MW,2021-01-19 17:07:21,-14.4782,35.2645,76.93,78,100,1.36
542,Tomelloso,ES,2021-01-19 17:07:21,39.1522,-3.0243,53.6,50,0,1.14
543,Hantsport,CA,2021-01-19 17:07:21,45.0668,-64.1654,27.0,58,7,12.66
544,Kobrinskoye,RU,2021-01-19 17:07:21,59.4225,30.1239,23.0,86,75,2.24
545,Marsa Matruh,EG,2021-01-19 17:07:22,31.3525,27.2453,57.2,62,75,13.8
546,Ekimchan,RU,2021-01-19 17:07:22,53.0667,132.9667,-32.28,76,43,2.84
547,Abu Dhabi,AE,2021-01-19 17:03:55,24.4667,54.3667,69.8,83,0,3.44
548,Shaunavon,CA,2021-01-19 17:07:22,49.6501,-108.4181,10.4,85,60,11.5
549,Mpongwe,ZM,2021-01-19 17:07:22,-13.5091,28.155,68.58,92,91,1.45
550,Wuda,CN,2021-01-19 17:07:22,39.4994,106.7117,23.02,70,0,7.54
551,Kamaishi,JP,2021-01-19 17:07:22,39.2667,141.8833,15.94,87,0,6.96
552,Pirovskoye,RU,2021-01-19 17:07:23,57.6267,92.2658,-8.19,90,100,5.37
553,Aklavik,CA,2021-01-19 17:07:23,68.2191,-135.0107,-2.2,84,90,13.8
554,Harer,ET,2021-01-19 17:07:23,9.3094,42.1258,59.81,45,2,8.77
555,Bogomila,MK,2021-01-19 17:07:23,41.5931,21.4717,28.4,74,0,2.71
556,Uchiza,PE,2021-01-19 17:07:23,-8.4592,-76.4633,79.11,80,73,2.42
557,Verkhoyansk,RU,2021-01-19 17:07:23,67.5447,133.385,-33.45,80,100,1.7
558,Rincon,US,2021-01-19 17:07:23,32.296,-81.2354,60.8,27,1,2.89
559,Paratinga,BR,2021-01-19 17:07:24,-12.6906,-43.1842,88.79,32,70,2.93
560,Qarqin,AF,2021-01-19 17:04:15,37.4185,66.0436,53.69,58,0,7.83
561,Rindal,NO,2021-01-19 17:07:24,63.0565,9.2124,20.48,87,99,6.08
562,Manaure,CO,2021-01-19 17:07:24,11.7751,-72.4445,85.1,59,49,22.08
563,Taoudenni,ML,2021-01-19 17:07:24,22.6783,-3.9836,77.27,16,3,11.18
564,Delmas,HT,2021-01-19 17:07:25,18.5447,-72.3028,86.0,54,75,11.5
565,Ayagoz,KZ,2021-01-19 17:07:25,47.9714,80.4392,16.88,90,73,6.33
566,Salamanca,ES,2021-01-19 17:07:25,40.8333,-6.0,44.01,77,100,1.99
567,Flin Flon,CA,2021-01-19 17:07:25,54.7682,-101.865,-9.4,84,90,4.61
568,Sabang,ID,2021-01-19 17:07:25,5.8933,95.3214,80.4,79,100,15.88
569,Durban,ZA,2021-01-19 17:06:33,-29.8579,31.0292,78.8,73,0,16.11
570,Ust-Nera,RU,2021-01-19 17:07:26,64.5667,143.2,-21.51,72,98,0.63
571,Ous,RU,2021-01-19 17:07:26,60.9058,61.5186,-9.92,88,51,6.24
572,Weligama,LK,2021-01-19 17:07:26,5.9667,80.4167,76.01,88,11,6.87
573,Porto Novo,BJ,2021-01-19 17:07:26,6.4965,2.6036,86.0,74,20,13.8
574,Oranjemund,NA,2021-01-19 17:07:26,-28.55,16.4333,67.6,76,0,21.99
