City_ID,City,Lat,Lng,Max Temp,Humidity,Cloudiness,Wind Speed,Country,Date,Current Description
0,dourbali,11.8091,15.8632,70.86,19,24,10.49,TD,2021-01-23 22:44:14,few clouds
1,masalli,34.7959,126.6553,39.2,100,40,2.3,KR,2021-01-23 22:44:14,fog
2,puerto ayora,-0.7393,-90.3518,80.6,74,40,9.22,EC,2021-01-23 22:40:11,scattered clouds
3,srednekolymsk,67.45,153.6833,-28.32,84,100,9.22,RU,2021-01-23 22:42:16,overcast clouds
4,tiksi,71.6872,128.8694,-41.78,79,35,5.03,RU,2021-01-23 22:41:33,scattered clouds
5,vaini,-21.2,-175.2,82.4,83,75,5.75,TO,2021-01-23 22:41:17,light rain
6,jamestown,42.097,-79.2353,21.99,73,90,12.66,US,2021-01-23 22:41:24,light snow
7,ramnagar,29.4,79.1167,53.01,50,0,3.8,IN,2021-01-23 22:44:15,clear sky
8,kazachinskoye,57.6953,93.2761,-1.52,92,100,4.07,RU,2021-01-23 22:41:27,overcast clouds
9,ushuaia,-54.8,-68.3,59.0,41,75,19.57,AR,2021-01-23 22:41:14,light rain
10,albany,42.6001,-73.9662,19.0,50,3,10.0,US,2021-01-23 22:41:13,clear sky
11,nishihara,26.1842,127.7558,66.2,72,75,19.57,JP,2021-01-23 22:44:15,broken clouds
12,nantucket,41.2835,-70.0995,28.4,46,40,17.27,US,2021-01-23 22:37:05,scattered clouds
13,saint george,37.1041,-113.5841,51.01,40,1,2.28,US,2021-01-23 22:41:18,clear sky
14,bethel,41.3712,-73.414,25.0,38,17,14.05,US,2021-01-23 22:41:33,few clouds
15,alta,69.9689,23.2717,8.6,61,90,5.75,NO,2021-01-23 22:44:16,overcast clouds
16,busselton,-33.65,115.3333,62.01,89,69,7.87,AU,2021-01-23 22:41:19,broken clouds
17,caravelas,-17.7125,-39.2481,75.31,82,47,4.94,BR,2021-01-23 22:41:20,scattered clouds
18,hermanus,-34.4187,19.2345,61.0,94,86,12.15,ZA,2021-01-23 22:38:31,overcast clouds
19,am timan,11.0297,20.2827,73.18,21,46,7.05,TD,2021-01-23 22:44:16,scattered clouds
20,bonavista,48.6499,-53.1147,27.0,86,71,9.22,CA,2021-01-23 22:42:08,broken clouds
21,jizan,17.3333,42.6667,75.2,78,0,2.01,SA,2021-01-23 22:41:28,clear sky
22,werda,-25.2667,23.2833,80.69,19,62,5.3,BW,2021-01-23 22:44:17,broken clouds
23,port blair,11.6667,92.75,75.31,68,31,7.09,IN,2021-01-23 22:37:25,scattered clouds
24,awjilah,29.1081,21.2869,49.57,47,0,7.43,LY,2021-01-23 22:44:17,clear sky
25,atuona,-9.8,-139.0333,77.99,80,3,18.37,PF,2021-01-23 22:36:26,light rain
26,pustoshka,56.3355,29.369,37.44,96,100,9.26,RU,2021-01-23 22:44:17,overcast clouds
27,nova olinda do norte,-3.8881,-59.0942,78.75,81,40,2.3,BR,2021-01-23 22:44:17,heavy intensity rain
28,jalu,29.0331,21.5482,49.78,48,0,8.97,LY,2021-01-23 22:44:17,clear sky
29,kodiak,57.79,-152.4072,42.8,52,75,12.66,US,2021-01-23 22:36:32,broken clouds
30,ilulissat,69.2167,-51.1,17.6,45,0,19.57,GL,2021-01-23 22:41:19,clear sky
31,yining,29.0361,114.5636,42.57,88,0,1.45,CN,2021-01-23 22:44:18,clear sky
32,punta arenas,-53.15,-70.9167,57.2,51,0,25.32,CL,2021-01-23 22:41:15,clear sky
33,flin flon,54.7682,-101.865,-9.4,70,20,14.97,CA,2021-01-23 22:44:18,snow
34,lithakia,37.7167,20.8333,51.8,82,21,6.91,GR,2021-01-23 22:44:18,few clouds
35,rawson,-43.3002,-65.1023,65.8,62,20,20.56,AR,2021-01-23 22:40:46,few clouds
36,rikitea,-23.1203,-134.9692,79.21,64,0,7.9,PF,2021-01-23 22:39:45,clear sky
37,kapaa,22.0752,-159.319,75.2,83,75,21.85,US,2021-01-23 22:41:29,light rain
38,sibolga,1.7427,98.7792,77.29,75,93,2.26,ID,2021-01-23 22:41:30,overcast clouds
39,dikson,73.5069,80.5464,-16.71,90,88,6.78,RU,2021-01-23 22:41:49,overcast clouds
40,shimanovsk,52.0,127.7,-17.97,85,42,7.83,RU,2021-01-23 22:42:24,scattered clouds
41,aksarka,66.5606,67.7975,-40.25,81,15,2.59,RU,2021-01-23 22:42:39,few clouds
42,brooks,50.5834,-111.8851,28.4,54,100,6.91,CA,2021-01-23 22:44:19,overcast clouds
43,hobart,-42.8794,147.3294,70.0,68,20,4.61,AU,2021-01-23 22:40:20,few clouds
44,arraial do cabo,-22.9661,-42.0278,80.6,83,0,19.57,BR,2021-01-23 22:36:18,clear sky
45,marawi,7.9986,124.2928,73.0,94,100,5.01,PH,2021-01-23 22:42:52,overcast clouds
46,east london,-33.0153,27.9116,73.8,77,84,23.24,ZA,2021-01-23 22:41:21,light rain
47,tasiilaq,65.6145,-37.6368,17.6,49,75,1.14,GL,2021-01-23 22:41:13,broken clouds
48,cape town,-33.9258,18.4232,66.0,68,75,16.11,ZA,2021-01-23 22:41:12,broken clouds
49,saint-joseph,-21.3667,55.6167,78.8,69,75,5.75,RE,2021-01-23 22:44:20,light rain
50,constitucion,-35.3333,-72.4167,64.02,79,13,4.65,CL,2021-01-23 22:44:20,few clouds
51,muyezerskiy,63.9333,31.65,32.59,97,95,11.32,RU,2021-01-23 22:44:21,light snow
52,suluq,31.6682,20.2521,52.21,48,0,9.91,LY,2021-01-23 22:44:21,clear sky
53,baoshan,46.5586,131.4244,7.23,90,0,2.51,CN,2021-01-23 22:44:21,clear sky
54,provideniya,64.3833,-173.3,8.17,84,40,2.89,RU,2021-01-23 22:41:50,scattered clouds
55,ayan,56.45,138.1667,-19.79,75,0,14.05,RU,2021-01-23 22:41:53,clear sky
56,saskylakh,71.9167,114.0833,-30.41,82,78,5.53,RU,2021-01-23 22:41:27,broken clouds
57,karratha,-20.7377,116.8463,82.76,50,2,15.61,AU,2021-01-23 22:42:01,clear sky
58,los chiles,11.0333,-84.7167,80.01,69,72,6.06,CR,2021-01-23 22:44:22,broken clouds
59,port lincoln,-34.7333,135.8667,73.15,59,100,14.61,AU,2021-01-23 22:42:06,overcast clouds
60,doha,25.2867,51.5333,60.8,72,0,8.05,QA,2021-01-23 22:42:27,clear sky
61,bengkulu,-3.8004,102.2655,76.21,79,98,5.44,ID,2021-01-23 22:41:31,light rain
62,cherskiy,68.75,161.3,-23.58,86,100,7.18,RU,2021-01-23 22:41:13,overcast clouds
63,olafsvik,64.8945,-23.7142,29.88,95,95,35.19,IS,2021-01-23 22:42:15,light snow
64,noumea,-22.2763,166.4572,81.0,69,90,19.57,NC,2021-01-23 22:42:19,overcast clouds
65,thanatpin,17.2119,96.3033,66.2,88,13,4.61,MM,2021-01-23 22:44:22,few clouds
66,lebu,-37.6167,-73.65,61.21,82,3,19.04,CL,2021-01-23 22:41:13,clear sky
67,kabalo,-6.05,26.9167,70.63,93,100,0.76,CD,2021-01-23 22:44:23,overcast clouds
68,hithadhoo,-0.6,73.0833,81.16,72,93,4.0,MV,2021-01-23 22:41:52,light rain
69,oksbol,55.6268,8.2876,37.99,93,75,8.05,DK,2021-01-23 22:44:23,broken clouds
70,saint-augustin,51.226,-58.6502,30.15,98,100,10.13,CA,2021-01-23 22:42:23,overcast clouds
71,hofn,64.2539,-15.2082,33.66,85,100,26.44,IS,2021-01-23 22:41:43,overcast clouds
72,tautira,-17.7333,-149.15,86.0,66,75,6.91,PF,2021-01-23 22:42:20,broken clouds
73,avarua,-21.2078,-159.775,86.0,62,69,10.36,CK,2021-01-23 22:41:32,broken clouds
74,port alfred,-33.5906,26.891,66.99,91,75,5.99,ZA,2021-01-23 22:41:37,light rain
75,san quintin,30.4833,-115.95,58.69,57,91,10.33,MX,2021-01-23 22:41:22,overcast clouds
76,ekibastuz,51.6667,75.3667,-21.64,87,100,8.7,KZ,2021-01-23 22:42:12,overcast clouds
77,balkanabat,39.5108,54.3671,35.8,72,100,10.63,TM,2021-01-23 22:41:55,overcast clouds
78,upernavik,72.7868,-56.1549,21.15,80,94,6.46,GL,2021-01-23 22:41:35,overcast clouds
79,bluff,-46.6,168.3333,60.01,77,94,8.99,NZ,2021-01-23 22:41:33,overcast clouds
80,souillac,-20.5167,57.5167,77.0,88,40,4.61,MU,2021-01-23 22:41:53,scattered clouds
81,birao,10.2849,22.7882,74.46,19,14,8.23,CF,2021-01-23 22:44:25,few clouds
82,mataura,-46.1927,168.8643,60.01,77,89,8.99,NZ,2021-01-23 22:41:15,overcast clouds
83,mar del plata,-38.0023,-57.5575,78.8,78,0,12.66,AR,2021-01-23 22:41:26,clear sky
84,bethanien,-26.502,17.1583,76.19,45,69,15.57,NA,2021-01-23 22:44:25,broken clouds
85,codrington,-38.2667,141.9667,80.67,40,100,6.87,AU,2021-01-23 22:41:22,overcast clouds
86,toamasina,-18.1667,49.3833,77.0,94,40,2.3,MG,2021-01-23 22:44:25,scattered clouds
87,carnarvon,-24.8667,113.6333,73.4,64,90,14.97,AU,2021-01-23 22:41:30,overcast clouds
88,labuhan,-6.8844,112.2051,78.19,85,100,6.29,ID,2021-01-23 22:42:33,light rain
89,victoria,22.2855,114.1577,66.0,88,6,1.01,HK,2021-01-23 22:41:13,clear sky
90,yellowknife,62.456,-114.3525,-16.6,76,20,3.18,CA,2021-01-23 22:40:30,few clouds
91,new norfolk,-42.7826,147.0587,70.0,43,32,5.01,AU,2021-01-23 22:41:34,scattered clouds
92,okhotsk,59.3833,143.3,-14.06,80,100,10.04,RU,2021-01-23 22:42:27,overcast clouds
93,hovd,48.0056,91.6419,8.01,74,100,5.08,MN,2021-01-23 22:42:49,overcast clouds
94,matamoros,25.5333,-103.25,84.2,17,75,18.9,MX,2021-01-23 22:44:26,broken clouds
95,shimoni,-4.6476,39.3817,77.25,87,100,6.85,KE,2021-01-23 22:44:26,overcast clouds
96,kahului,20.8947,-156.47,78.8,65,40,23.02,US,2021-01-23 22:36:51,scattered clouds
97,chuy,-33.6971,-53.4616,71.87,89,1,8.46,UY,2021-01-23 22:42:02,clear sky
98,ust-kan,50.9276,84.761,-5.21,83,100,6.55,RU,2021-01-23 22:44:27,light snow
99,cayenne,4.9333,-52.3333,77.0,100,75,9.22,GF,2021-01-23 22:37:09,moderate rain
100,ileza,61.0533,43.9002,20.25,98,100,6.4,RU,2021-01-23 22:44:27,light snow
101,moose factory,51.2585,-80.6094,-2.2,60,1,5.75,CA,2021-01-23 22:44:27,clear sky
102,esso,55.9333,158.7,-0.27,75,0,2.04,RU,2021-01-23 22:42:36,clear sky
103,ponta do sol,32.6667,-17.1,60.01,78,100,1.01,PT,2021-01-23 22:41:14,overcast clouds
104,sitka,57.0531,-135.33,37.4,87,90,10.36,US,2021-01-23 22:41:34,light rain
105,kavieng,-2.5744,150.7967,83.93,71,91,8.32,PG,2021-01-23 22:44:28,light rain
106,iralaya,15.0,-83.2333,78.62,79,14,9.24,HN,2021-01-23 22:44:28,few clouds
107,mbini,1.574,9.6134,78.8,100,40,6.67,GQ,2021-01-23 22:44:28,scattered clouds
108,kaitangata,-46.2817,169.8464,66.99,42,90,14.0,NZ,2021-01-23 22:37:02,overcast clouds
109,eyl,7.9803,49.8164,72.57,71,68,16.69,SO,2021-01-23 22:41:15,broken clouds
110,emmett,43.8735,-116.4993,41.0,62,0,7.0,US,2021-01-23 22:44:29,clear sky
111,hilo,19.7297,-155.09,80.6,57,75,3.44,US,2021-01-23 22:41:29,light rain
112,san cristobal,7.7669,-72.225,84.2,58,40,9.22,VE,2021-01-23 22:41:26,scattered clouds
113,pacific grove,36.6177,-121.9166,55.0,54,1,5.75,US,2021-01-23 22:42:19,clear sky
114,miri,4.4148,114.0089,77.0,94,20,2.3,MY,2021-01-23 22:41:39,few clouds
115,rafaela,-31.2503,-61.4867,89.01,44,40,5.01,AR,2021-01-23 22:44:29,scattered clouds
116,longyearbyen,78.2186,15.6401,3.97,82,0,3.4,SJ,2021-01-23 22:41:13,clear sky
117,butaritari,3.0707,172.7902,79.81,80,80,10.47,KI,2021-01-23 22:41:16,broken clouds
118,tuktoyaktuk,69.4541,-133.0374,-20.2,76,20,14.97,CA,2021-01-23 22:41:26,snow
119,caxias,38.7031,-9.2767,59.0,100,75,11.5,PT,2021-01-23 22:44:30,broken clouds
120,barrow,71.2906,-156.7887,6.8,78,1,19.57,US,2021-01-23 22:40:02,clear sky
121,jishou,28.3167,109.7167,47.98,76,84,1.97,CN,2021-01-23 22:44:30,broken clouds
122,nikolskoye,59.7035,30.7861,33.8,86,90,8.95,RU,2021-01-23 22:41:15,light snow
123,leopold,-38.1833,144.4667,73.99,78,87,6.91,AU,2021-01-23 22:44:30,overcast clouds
124,santa maria,-29.6842,-53.8069,86.0,58,20,5.75,BR,2021-01-23 22:44:16,few clouds
125,nanortalik,60.1432,-45.2371,22.77,88,0,7.58,GL,2021-01-23 22:41:48,clear sky
126,iqaluit,63.7506,-68.5145,14.0,92,1,19.57,CA,2021-01-23 22:38:28,clear sky
127,klaksvik,62.2266,-6.589,32.0,86,75,27.56,FO,2021-01-23 22:42:05,light rain
128,covington,39.0837,-84.5086,32.0,40,75,6.91,US,2021-01-23 22:41:21,broken clouds
129,bredasdorp,-34.5322,20.0403,62.6,88,84,6.91,ZA,2021-01-23 22:41:39,broken clouds
130,marbella,36.5154,-4.8858,59.0,77,75,6.91,ES,2021-01-23 22:42:50,broken clouds
131,cuamba,-14.8031,36.5372,69.39,95,100,2.57,MZ,2021-01-23 22:38:39,overcast clouds
132,kimberley,-28.7323,24.7623,66.2,82,72,5.75,ZA,2021-01-23 22:44:32,broken clouds
133,gasa,31.5,34.4667,53.01,70,0,1.14,PS,2021-01-23 22:42:18,clear sky
134,hajnowka,52.7433,23.5812,39.0,83,92,3.0,PL,2021-01-23 22:44:32,overcast clouds
135,kampene,-3.6,26.6667,69.51,95,100,1.52,CD,2021-01-23 22:42:53,overcast clouds
136,ibra,22.6906,58.5334,54.39,43,0,5.06,OM,2021-01-23 22:44:32,clear sky
137,yarada,17.65,83.2667,71.6,100,20,2.3,IN,2021-01-23 22:41:42,mist
138,severo-kurilsk,50.6789,156.125,22.19,95,91,27.76,RU,2021-01-23 22:41:41,snow
139,oranjemund,-28.55,16.4333,64.44,86,84,19.15,NA,2021-01-23 22:44:33,broken clouds
140,broome,42.2506,-75.833,18.0,79,90,10.36,US,2021-01-23 22:41:54,light snow
141,atherton,53.5237,-2.4935,30.0,82,1,2.19,GB,2021-01-23 22:44:33,clear sky
142,norman wells,65.282,-126.8329,-18.4,76,40,3.44,CA,2021-01-23 22:41:23,scattered clouds
143,campohermoso,36.9357,-2.1337,59.0,77,0,17.27,ES,2021-01-23 22:44:33,clear sky
144,evensk,61.95,159.2333,-14.67,81,99,10.0,RU,2021-01-23 22:42:38,overcast clouds
145,lyuban,52.7985,28.0048,33.12,94,98,10.94,BY,2021-01-23 22:44:33,overcast clouds
146,grand gaube,-20.0064,57.6608,79.0,75,0,3.0,MU,2021-01-23 22:42:21,light rain
147,tuatapere,-46.1333,167.6833,60.01,77,95,8.99,NZ,2021-01-23 22:41:45,overcast clouds
148,kirksville,40.1948,-92.5833,35.6,38,90,14.97,US,2021-01-23 22:44:34,overcast clouds
149,port hedland,-20.3167,118.5667,82.4,61,3,12.66,AU,2021-01-23 22:42:10,clear sky
150,brae,60.3964,-1.353,37.4,81,75,12.66,GB,2021-01-23 22:41:13,broken clouds
151,naryan-mar,67.6713,53.087,-14.94,86,100,13.78,RU,2021-01-23 22:44:34,overcast clouds
152,vao,-22.6667,167.4833,75.85,80,86,26.19,NC,2021-01-23 22:41:40,overcast clouds
153,chernyshevskiy,63.0128,112.4714,-53.25,78,50,3.36,RU,2021-01-23 22:44:35,scattered clouds
154,chokurdakh,70.6333,147.9167,-37.34,83,86,6.46,RU,2021-01-23 22:41:45,overcast clouds
155,airai,-8.9266,125.4092,65.12,98,94,2.35,TL,2021-01-23 22:41:51,moderate rain
156,sayyan,15.1718,44.3244,44.04,56,2,3.13,YE,2021-01-23 22:44:35,clear sky
157,tabou,4.423,-7.3528,78.13,87,1,6.98,CI,2021-01-23 22:41:40,clear sky
158,novyy buyan,53.6861,50.0469,21.2,93,90,6.71,RU,2021-01-23 22:44:35,light snow
159,georgetown,5.4112,100.3354,77.0,94,20,4.7,MY,2021-01-23 22:38:23,few clouds
160,mount gambier,-37.8333,140.7667,69.8,64,100,10.36,AU,2021-01-23 22:41:35,overcast clouds
161,santa lucia,27.9117,-15.5407,64.4,77,40,11.5,ES,2021-01-23 22:44:36,scattered clouds
162,salalah,17.0151,54.0924,69.8,30,0,12.66,OM,2021-01-23 22:42:12,clear sky
163,abejorral,5.7893,-75.4273,69.8,64,40,6.91,CO,2021-01-23 22:44:36,scattered clouds
164,memmingen,47.9837,10.1853,32.0,86,90,9.22,DE,2021-01-23 22:44:36,snow
165,fermoy,52.1358,-8.2758,34.0,93,40,10.36,IE,2021-01-23 22:44:36,scattered clouds
166,katsuura,35.1333,140.3,39.2,93,75,23.02,JP,2021-01-23 22:41:25,light rain
167,ouesso,1.6136,16.0517,75.06,61,94,2.21,CG,2021-01-23 22:44:36,overcast clouds
168,pangnirtung,66.1451,-65.7125,15.78,79,30,3.02,CA,2021-01-23 22:41:24,scattered clouds
169,batagay-alyta,67.8006,130.4114,-34.73,75,90,0.4,RU,2021-01-23 22:42:48,overcast clouds
170,alofi,-19.0595,-169.9187,86.0,66,43,6.91,NU,2021-01-23 22:42:42,moderate rain
171,murray bridge,-35.1167,139.2667,93.99,18,98,5.01,AU,2021-01-23 22:44:37,overcast clouds
172,nioro,13.35,-15.75,74.64,17,37,7.65,GM,2021-01-23 22:41:36,scattered clouds
173,ulverstone,-41.15,146.1667,73.0,73,38,8.01,AU,2021-01-23 22:44:37,scattered clouds
174,mezen,65.8522,44.24,2.43,93,100,9.35,RU,2021-01-23 22:44:37,overcast clouds
175,caborca,30.5838,-111.101,66.99,47,29,5.99,MX,2021-01-23 22:44:37,scattered clouds
176,vila velha,-20.3297,-40.2925,80.6,69,20,6.91,BR,2021-01-23 22:39:20,light rain
177,takaungu,-3.6837,39.8566,76.57,88,78,6.46,KE,2021-01-23 22:44:38,broken clouds
178,sechura,-5.5569,-80.8222,77.81,64,8,16.24,PE,2021-01-23 22:41:25,clear sky
179,zemio,5.0314,25.1361,74.03,35,97,4.74,CF,2021-01-23 22:44:38,overcast clouds
180,marzuq,14.4,46.4667,53.89,41,60,2.3,YE,2021-01-23 22:44:38,broken clouds
181,iracoubo,5.4802,-53.2011,77.63,89,100,13.35,GF,2021-01-23 22:44:38,overcast clouds
182,atbasar,51.8,68.3333,-15.75,87,99,2.13,KZ,2021-01-23 22:44:38,overcast clouds
183,haverfordwest,51.8017,-4.9691,32.0,93,40,8.05,GB,2021-01-23 22:44:39,scattered clouds
184,krasnaya zarya,52.7825,37.6806,33.94,99,100,7.18,RU,2021-01-23 22:44:39,overcast clouds
185,urumqi,43.801,87.6005,10.4,85,0,4.47,CN,2021-01-23 22:42:25,clear sky
186,sinnamary,5.3833,-52.95,77.61,88,100,12.91,GF,2021-01-23 22:37:01,overcast clouds
187,castro,-24.7911,-50.0119,64.98,94,100,5.73,BR,2021-01-23 22:41:44,overcast clouds
188,sao borja,-28.6606,-56.0044,85.66,51,71,4.59,BR,2021-01-23 22:44:40,light rain
189,viedma,-40.8135,-62.9967,71.47,53,29,27.18,AR,2021-01-23 22:41:40,scattered clouds
190,chester,40.1254,-75.8749,28.0,50,1,13.8,US,2021-01-23 22:42:22,clear sky
191,umm kaddadah,13.6017,26.6876,66.13,26,52,13.44,SD,2021-01-23 22:44:40,broken clouds
192,petatlan,17.5167,-101.2667,84.2,65,75,5.01,MX,2021-01-23 22:44:40,broken clouds
193,khatassy,61.9036,129.6383,-58.0,51,90,2.24,RU,2021-01-23 22:44:40,fog
194,lavrentiya,65.5833,-171.0,-1.1,86,93,7.58,RU,2021-01-23 22:37:15,overcast clouds
195,fortuna,40.5982,-124.1573,53.01,66,1,14.97,US,2021-01-23 22:41:59,clear sky
196,aranjuez,40.0311,-3.6025,55.99,82,100,28.83,ES,2021-01-23 22:44:41,overcast clouds
197,sainte-marie,-20.8968,55.5496,75.2,73,0,8.05,RE,2021-01-23 22:44:41,light rain
198,mykolayiv,46.9659,31.9974,46.33,88,99,15.66,UA,2021-01-23 22:44:41,overcast clouds
199,lompoc,34.6391,-120.4579,53.6,71,90,10.36,US,2021-01-23 22:41:13,overcast clouds
200,itarema,-2.9248,-39.9167,78.93,84,63,11.54,BR,2021-01-23 22:41:59,broken clouds
201,dhidhdhoo,6.8833,73.1,81.43,74,15,9.82,MV,2021-01-23 22:39:53,few clouds
202,vardo,70.3705,31.1107,22.48,96,100,29.71,NO,2021-01-23 22:42:34,light snow
203,fairbanks,64.8378,-147.7164,23.0,85,75,3.33,US,2021-01-23 22:41:22,broken clouds
204,bambous virieux,-20.3428,57.7575,79.0,88,40,4.61,MU,2021-01-23 22:36:34,scattered clouds
205,palana,59.1167,159.9667,-4.47,95,100,3.74,RU,2021-01-23 22:44:42,overcast clouds
206,ntcheu,-14.8203,34.6359,65.52,92,100,6.67,MW,2021-01-23 22:44:42,light rain
207,simao,22.7886,100.9748,48.51,94,0,1.23,CN,2021-01-23 22:44:42,clear sky
208,udaipura,23.0833,78.5,56.66,49,10,1.34,IN,2021-01-23 22:44:42,clear sky
209,hami,42.8,93.45,22.73,81,100,9.93,CN,2021-01-23 22:41:43,overcast clouds
210,roma,43.2128,-75.4557,15.01,67,40,11.5,US,2021-01-23 22:42:26,scattered clouds
211,zhaotong,27.3167,103.7167,37.92,90,14,1.3,CN,2021-01-23 22:44:43,few clouds
212,cabo san lucas,22.8909,-109.9124,73.4,53,20,11.5,MX,2021-01-23 22:41:12,few clouds
213,oyotun,-6.8519,-79.3036,78.8,61,0,19.57,PE,2021-01-23 22:44:43,moderate rain
214,saint-philippe,-21.3585,55.7679,78.8,69,75,5.75,RE,2021-01-23 22:41:20,light rain
215,antalaha,-14.9003,50.2788,75.61,87,60,5.28,MG,2021-01-23 22:41:24,moderate rain
216,bandarbeyla,9.4942,50.8122,73.63,72,80,17.25,SO,2021-01-23 22:42:21,broken clouds
217,bikapur,26.6,82.1333,51.48,80,0,3.11,IN,2021-01-23 22:44:44,clear sky
218,bilma,18.6853,12.9164,59.77,26,0,9.53,NE,2021-01-23 22:44:44,clear sky
219,aykhal,66.0,111.5,-37.39,79,62,4.0,RU,2021-01-23 22:42:23,broken clouds
220,santa margherita ligure,44.3346,9.212,48.99,78,89,1.92,IT,2021-01-23 22:44:44,overcast clouds
221,qaanaaq,77.484,-69.3632,16.52,79,96,2.37,GL,2021-01-23 22:41:39,overcast clouds
222,kanigoro,-8.13,112.219,73.99,80,100,2.95,ID,2021-01-23 22:44:44,overcast clouds
223,thompson,55.7435,-97.8558,-9.4,70,90,10.36,CA,2021-01-23 22:41:18,light snow
224,anadyr,64.75,177.4833,-18.0,76,0,8.95,RU,2021-01-23 22:42:56,clear sky
225,beringovskiy,63.05,179.3167,-8.1,87,0,2.44,RU,2021-01-23 22:44:45,clear sky
226,makat,47.6469,53.3463,31.66,99,100,9.93,KZ,2021-01-23 22:44:45,overcast clouds
227,esperance,-33.8667,121.9,66.2,82,90,10.36,AU,2021-01-23 22:41:28,overcast clouds
228,menongue,-14.6585,17.691,67.06,73,98,3.4,AO,2021-01-23 22:44:45,overcast clouds
229,tezu,27.9167,96.1667,59.76,52,64,2.26,IN,2021-01-23 22:44:46,broken clouds
230,tura,25.5198,90.2201,56.46,64,100,2.21,IN,2021-01-23 22:44:46,overcast clouds
231,wanning,18.8003,110.3967,64.81,89,54,1.3,CN,2021-01-23 22:44:46,broken clouds
232,corowa,-36.0333,146.3833,81.0,34,47,5.75,AU,2021-01-23 22:44:46,scattered clouds
233,verkhoyansk,67.5447,133.385,-42.12,77,97,0.65,RU,2021-01-23 22:43:00,overcast clouds
234,bobrovka,54.047,61.7455,-12.84,88,89,9.33,RU,2021-01-23 22:44:46,overcast clouds
235,fevik,58.3794,8.6766,33.01,100,90,3.44,NO,2021-01-23 22:44:47,light rain
236,palmer,42.1584,-72.3287,21.0,52,0,5.99,US,2021-01-23 22:42:13,clear sky
237,richards bay,-28.783,32.0377,79.68,77,0,12.1,ZA,2021-01-23 22:43:07,clear sky
238,lorengau,-2.0226,147.2712,84.06,64,82,3.11,PG,2021-01-23 22:37:39,broken clouds
239,laguna,38.421,-121.4238,55.99,67,20,3.44,US,2021-01-23 22:41:56,few clouds
240,leningradskiy,69.3833,178.4167,-14.46,83,71,2.84,RU,2021-01-23 22:41:25,broken clouds
241,husavik,66.0449,-17.3389,30.2,86,90,23.02,IS,2021-01-23 22:41:49,snow
242,aitape,-3.1374,142.3475,82.6,71,96,3.42,PG,2021-01-23 22:44:48,light rain
243,berlevag,70.8578,29.0864,21.63,95,100,26.87,NO,2021-01-23 22:44:48,light snow
244,saint-francois,46.4154,3.9054,39.2,81,90,11.5,FR,2021-01-23 22:42:00,overcast clouds
245,madras,13.0878,80.2785,73.4,94,40,2.86,IN,2021-01-23 22:44:11,mist
246,luderitz,-26.6481,15.1594,71.83,41,90,27.42,NA,2021-01-23 22:41:56,overcast clouds
247,cockburn town,21.4612,-71.1419,80.6,65,40,6.91,TC,2021-01-23 22:39:24,scattered clouds
248,coquimbo,-29.9533,-71.3436,68.0,68,20,11.5,CL,2021-01-23 22:37:43,few clouds
249,colares,38.7992,-9.4469,59.0,100,100,18.99,PT,2021-01-23 22:44:49,overcast clouds
250,kollam,8.8833,76.6,78.8,89,20,8.23,IN,2021-01-23 22:44:49,mist
251,sao felix do xingu,-6.6447,-51.995,76.59,79,16,3.6,BR,2021-01-23 22:42:50,few clouds
252,dauriya,49.9333,116.8667,4.75,86,98,2.26,RU,2021-01-23 22:44:49,overcast clouds
253,belyy yar,53.6039,91.3903,-2.2,78,100,4.97,RU,2021-01-23 22:41:48,overcast clouds
254,severo-yeniseyskiy,60.3725,93.0408,-17.12,89,100,2.89,RU,2021-01-23 22:44:49,overcast clouds
255,poltsamaa,58.6525,25.9706,35.01,93,90,10.36,EE,2021-01-23 22:44:50,light rain
256,kuala terengganu,5.3302,103.1408,75.2,94,20,2.3,MY,2021-01-23 22:44:50,few clouds
257,mantua,45.1667,10.7833,39.99,97,83,4.0,IT,2021-01-23 22:41:25,broken clouds
258,ketchikan,55.3422,-131.6461,32.0,93,90,10.36,US,2021-01-23 22:44:50,light snow
259,san patricio,28.017,-97.5169,68.0,100,90,12.66,US,2021-01-23 22:42:08,fog
260,serebryanyy bor,56.8,124.8,-40.22,79,25,2.46,RU,2021-01-23 22:44:50,scattered clouds
261,naze,28.3667,129.4833,66.2,77,75,14.97,JP,2021-01-23 22:41:17,broken clouds
262,kasongo-lunda,-6.4667,16.8167,71.4,87,100,0.67,CD,2021-01-23 22:44:50,overcast clouds
263,iwanai,42.9744,140.5089,17.6,95,38,6.15,JP,2021-01-23 22:42:19,scattered clouds
264,nalut,30.3333,10.85,47.8,55,5,4.85,LY,2021-01-23 22:42:27,clear sky
265,piacabucu,-10.4056,-36.4344,77.36,78,93,9.06,BR,2021-01-23 22:44:51,overcast clouds
266,orange cove,36.6244,-119.3137,55.99,58,40,6.91,US,2021-01-23 22:44:51,scattered clouds
267,roald,62.5833,6.1333,39.2,75,90,10.36,NO,2021-01-23 22:44:51,overcast clouds
268,wuwei,37.9281,102.6414,22.28,79,53,9.66,CN,2021-01-23 22:44:51,broken clouds
269,huarmey,-10.0681,-78.1522,74.14,71,9,9.1,PE,2021-01-23 22:41:01,clear sky
270,sardarshahr,28.4333,74.4833,54.36,42,0,8.7,IN,2021-01-23 22:44:52,clear sky
271,half moon bay,37.4636,-122.4286,57.2,71,1,8.05,US,2021-01-23 22:41:46,clear sky
272,touros,-5.1989,-35.4608,78.8,78,20,9.22,BR,2021-01-23 22:41:41,few clouds
273,okakarara,-20.5833,17.4333,69.6,82,100,6.96,NA,2021-01-23 22:42:47,moderate rain
274,calama,-22.4667,-68.9333,73.4,16,20,19.57,CL,2021-01-23 22:42:07,few clouds
275,amahai,-3.3333,128.9167,86.0,85,100,1.01,ID,2021-01-23 22:44:52,overcast clouds
276,comodoro rivadavia,-45.8667,-67.5,64.4,48,20,16.11,AR,2021-01-23 22:41:21,few clouds
277,chapais,49.7834,-74.8492,3.2,78,90,13.8,CA,2021-01-23 22:41:21,overcast clouds
278,ostrovnoy,68.0531,39.5131,3.2,92,100,12.91,RU,2021-01-23 22:42:25,light snow
279,port macquarie,-31.4333,152.9167,81.0,66,4,10.42,AU,2021-01-23 22:42:04,clear sky
280,zhangye,38.9342,100.4517,20.12,83,84,0.31,CN,2021-01-23 22:44:53,broken clouds
281,pemangkat,1.1667,108.9667,76.35,89,99,6.58,ID,2021-01-23 22:44:53,overcast clouds
282,port elizabeth,-33.918,25.5701,68.0,83,0,17.27,ZA,2021-01-23 22:41:14,clear sky
283,ahipara,-35.1667,173.1667,70.23,63,14,8.46,NZ,2021-01-23 22:37:05,few clouds
284,sorong,-0.8833,131.25,81.28,77,89,2.89,ID,2021-01-23 22:44:54,heavy intensity rain
285,gazanjyk,39.2446,55.5154,28.76,92,86,9.69,TM,2021-01-23 22:44:54,overcast clouds
286,banda aceh,5.5577,95.3222,76.77,81,45,7.7,ID,2021-01-23 22:44:54,scattered clouds
287,baruun-urt,46.6806,113.2792,5.04,88,1,9.66,MN,2021-01-23 22:44:54,clear sky
288,truth or consequences,33.1284,-107.2528,64.4,15,1,24.16,US,2021-01-23 22:44:54,clear sky
289,kidal,18.4411,1.4078,65.08,21,0,10.74,ML,2021-01-23 22:44:54,clear sky
290,rio grande,-32.035,-52.0986,78.01,83,85,5.99,BR,2021-01-23 22:41:18,overcast clouds
291,bathsheba,13.2167,-59.5167,78.8,65,20,12.66,BB,2021-01-23 22:37:48,few clouds
292,nokaneng,-19.6667,22.2667,70.84,54,66,3.56,BW,2021-01-23 22:44:55,broken clouds
293,necochea,-38.5473,-58.7368,76.59,67,0,15.43,AR,2021-01-23 22:43:52,clear sky
294,ballina,-28.8667,153.5667,75.2,69,40,5.75,AU,2021-01-23 22:44:55,scattered clouds
295,beloha,-25.1667,45.05,76.64,87,89,7.85,MG,2021-01-23 22:37:04,overcast clouds
296,independence,39.0911,-94.4155,39.99,30,75,13.8,US,2021-01-23 22:43:55,broken clouds
297,riyadh,24.6877,46.7219,48.2,34,0,5.75,SA,2021-01-23 22:44:36,clear sky
298,inuvik,68.3499,-133.7218,-14.8,76,16,8.05,CA,2021-01-23 22:37:59,few clouds
299,mahebourg,-20.4081,57.7,77.0,88,40,4.61,MU,2021-01-23 22:41:14,scattered clouds
300,vaitape,-16.5167,-151.75,81.32,72,0,13.69,PF,2021-01-23 22:42:32,clear sky
301,pisco,-13.7,-76.2167,77.0,65,0,11.5,PE,2021-01-23 22:41:29,clear sky
302,puerto madryn,-42.7692,-65.0385,67.32,61,41,24.05,AR,2021-01-23 22:44:56,scattered clouds
303,cidreira,-30.1811,-50.2056,76.32,83,0,19.42,BR,2021-01-23 22:40:18,clear sky
304,kurilsk,45.2333,147.8833,20.14,87,86,5.88,RU,2021-01-23 22:41:59,overcast clouds
305,kirakira,-10.4544,161.9205,83.93,66,100,8.23,SB,2021-01-23 22:44:56,overcast clouds
306,ayagoz,47.9714,80.4392,11.01,95,100,18.63,KZ,2021-01-23 22:42:56,light snow
307,tambo,-14.8,-73.9167,40.08,100,94,8.39,PE,2021-01-23 22:44:57,light rain
308,narsaq,60.9167,-46.05,26.6,33,0,21.85,GL,2021-01-23 22:41:37,clear sky
309,katangli,51.7102,143.2326,0.93,94,100,3.74,RU,2021-01-23 22:41:18,light snow
310,manadhoo,5.7667,73.3833,82.04,71,85,8.68,MV,2021-01-23 22:44:57,overcast clouds
311,marsh harbour,26.5412,-77.0636,73.63,68,19,9.57,BS,2021-01-23 22:42:43,few clouds
312,reyes,-14.3167,-67.3833,75.2,88,75,0.4,BO,2021-01-23 22:44:57,broken clouds
313,isangel,-19.55,169.2667,86.0,79,75,5.75,VU,2021-01-23 22:42:01,broken clouds
314,lucapa,-8.4192,20.7447,66.15,96,100,2.15,AO,2021-01-23 22:44:58,overcast clouds
315,seymchan,62.8833,152.4333,-30.28,82,100,2.3,RU,2021-01-23 22:44:58,overcast clouds
316,nacogdoches,31.6002,-94.6335,55.99,94,90,3.44,US,2021-01-23 22:44:58,overcast clouds
317,bichena,10.45,38.2,53.15,43,30,2.26,ET,2021-01-23 22:44:58,scattered clouds
318,pevek,69.7008,170.3133,-13.68,89,100,8.1,RU,2021-01-23 22:41:39,overcast clouds
319,forecariah,9.4306,-13.0881,72.75,84,78,4.38,GN,2021-01-23 22:44:58,broken clouds
320,alliance,40.9153,-81.1059,23.0,51,6,1.99,US,2021-01-23 22:44:15,clear sky
321,highland,34.1283,-117.2086,48.99,81,90,3.44,US,2021-01-23 22:44:59,moderate rain
322,torbay,47.6666,-52.7314,26.01,86,90,17.27,CA,2021-01-23 22:42:08,overcast clouds
323,moron,-34.6534,-58.6198,91.4,40,0,10.36,AR,2021-01-23 22:44:59,clear sky
324,scarborough,54.2797,-0.4044,30.0,90,37,10.22,GB,2021-01-23 22:42:09,scattered clouds
325,eirunepe,-6.6603,-69.8736,75.69,94,96,1.23,BR,2021-01-23 22:44:59,moderate rain
326,faanui,-16.4833,-151.75,81.34,72,2,13.69,PF,2021-01-23 22:37:34,clear sky
327,wencheng,33.0559,113.7978,37.96,81,84,4.25,CN,2021-01-23 22:44:59,broken clouds
328,san policarpo,12.1791,125.5072,77.99,86,64,3.44,PH,2021-01-23 22:45:00,broken clouds
329,chino valley,34.7575,-112.4538,48.99,49,75,13.8,US,2021-01-23 22:45:00,broken clouds
330,roebourne,-20.7833,117.1333,84.18,46,5,15.1,AU,2021-01-23 22:45:00,clear sky
331,kavaratti,10.5669,72.642,80.74,73,64,10.6,IN,2021-01-23 22:41:45,broken clouds
332,aklavik,68.2191,-135.0107,-0.4,78,75,5.75,CA,2021-01-23 22:41:28,broken clouds
333,kudat,6.8837,116.8477,73.4,100,20,2.3,MY,2021-01-23 22:42:14,few clouds
334,qasigiannguit,68.8193,-51.1922,17.6,45,6,19.57,GL,2021-01-23 22:45:01,clear sky
335,tarakan,3.3,117.6333,73.4,94,40,9.1,ID,2021-01-23 22:45:01,scattered clouds
336,talnakh,69.4865,88.3972,-35.75,64,55,1.45,RU,2021-01-23 22:42:24,broken clouds
337,hay river,60.8156,-115.7999,-11.2,64,16,3.44,CA,2021-01-23 22:45:01,few clouds
338,rayong,12.8333,101.4333,73.99,93,0,2.59,TH,2021-01-23 22:45:01,clear sky
339,meulaboh,4.1363,96.1285,74.84,90,52,4.45,ID,2021-01-23 22:45:01,broken clouds
340,kachiry,53.0675,76.1036,-28.34,84,94,7.54,KZ,2021-01-23 22:45:02,overcast clouds
341,sibu,2.3,111.8167,75.2,94,40,2.3,MY,2021-01-23 22:45:02,scattered clouds
342,port hardy,50.6996,-127.4199,39.2,75,90,5.75,CA,2021-01-23 22:40:00,overcast clouds
343,lungi,9.2212,-12.6831,73.17,84,87,5.95,SL,2021-01-23 22:45:02,overcast clouds
344,te anau,-45.4167,167.7167,54.48,83,100,7.52,NZ,2021-01-23 22:42:24,heavy intensity rain
345,khatanga,71.9667,102.5,-25.89,85,100,10.27,RU,2021-01-23 22:41:44,overcast clouds
346,shaunavon,49.6501,-108.4181,15.8,79,89,10.36,CA,2021-01-23 22:43:09,overcast clouds
347,miles city,46.4083,-105.8406,28.4,50,20,11.5,US,2021-01-23 22:41:21,few clouds
348,san andres,12.5847,-81.7006,82.4,69,40,12.66,CO,2021-01-23 22:45:03,scattered clouds
349,kawalu,-7.3817,108.2082,73.2,88,100,2.13,ID,2021-01-23 22:45:03,light rain
350,nuevo laredo,27.4763,-99.5164,71.6,83,90,9.22,MX,2021-01-23 22:45:03,overcast clouds
351,marquette,46.5333,-87.6335,21.99,58,58,4.16,US,2021-01-23 22:45:03,broken clouds
352,nobres,-14.7203,-56.3275,78.28,79,78,3.24,BR,2021-01-23 22:45:04,light rain
353,luena,-11.7833,19.9167,63.9,95,100,6.2,AO,2021-01-23 22:42:27,overcast clouds
354,ternate,0.8,127.4,79.61,81,100,7.38,ID,2021-01-23 22:41:38,light rain
355,moree,-29.4667,149.85,75.2,57,0,13.8,AU,2021-01-23 22:45:04,clear sky
356,coihaique,-45.5752,-72.0662,68.0,26,0,10.36,CL,2021-01-23 22:41:50,clear sky
357,batticaloa,7.7102,81.6924,75.6,77,4,7.25,LK,2021-01-23 22:45:05,clear sky
358,ishigaki,24.3448,124.1572,62.6,77,40,17.27,JP,2021-01-23 22:45:05,scattered clouds
359,grootfontein,-19.5667,18.1167,68.0,94,100,2.3,NA,2021-01-23 22:45:05,light rain
360,mareeba,-17.0,145.4333,84.0,65,26,11.5,AU,2021-01-23 22:45:05,scattered clouds
361,algodones,20.3888,-105.4773,75.2,78,1,12.66,MX,2021-01-23 22:45:05,clear sky
362,aksu,41.1231,80.2644,19.72,86,1,4.99,CN,2021-01-23 22:45:06,clear sky
363,dingle,10.9995,122.6711,75.88,86,85,2.33,PH,2021-01-23 22:42:16,light rain
364,ignacio zaragoza,28.3833,-107.2167,62.01,21,38,14.0,MX,2021-01-23 22:45:06,scattered clouds
365,solnechnyy,50.7214,136.6319,-4.7,89,43,3.02,RU,2021-01-23 22:45:06,scattered clouds
366,batesville,35.7698,-91.641,42.01,45,90,8.05,US,2021-01-23 22:43:03,overcast clouds
367,basco,20.4487,121.9702,73.72,79,24,27.87,PH,2021-01-23 22:41:26,few clouds
368,hambantota,6.1241,81.1185,71.6,100,5,5.75,LK,2021-01-23 22:41:19,clear sky
369,sao jose da coroa grande,-8.8978,-35.1478,77.99,79,82,9.17,BR,2021-01-23 22:45:07,broken clouds
370,pitimbu,-7.4706,-34.8086,78.8,83,20,10.36,BR,2021-01-23 22:45:07,few clouds
371,den chai,17.9837,100.0522,66.0,99,0,1.25,TH,2021-01-23 22:45:07,clear sky
372,borskoye,53.0333,51.7167,24.06,98,100,8.32,RU,2021-01-23 22:45:08,light snow
373,veliki preslav,43.1667,26.8167,49.3,78,100,14.83,BG,2021-01-23 22:45:08,overcast clouds
374,sur,22.5667,59.5289,65.46,56,0,14.54,OM,2021-01-23 22:41:14,clear sky
375,cozumel,20.5083,-86.9458,81.0,74,40,8.05,MX,2021-01-23 22:45:08,scattered clouds
376,annau,37.8876,58.516,26.6,86,46,4.61,TM,2021-01-23 22:45:08,scattered clouds
377,puerto carreno,6.189,-67.4859,86.54,55,100,8.79,CO,2021-01-23 22:45:08,overcast clouds
378,guerrero negro,27.9769,-114.0611,63.34,55,96,12.37,MX,2021-01-23 22:40:56,overcast clouds
379,randudongkal,-7.0981,109.3243,57.99,10,99,1.41,ID,2021-01-23 22:45:09,overcast clouds
380,taree,-31.9,152.4667,79.0,73,1,4.41,AU,2021-01-23 22:45:09,clear sky
381,hope,33.6671,-93.5916,50.0,74,71,4.0,US,2021-01-23 22:45:09,broken clouds
382,almaznyy,48.0448,40.045,35.6,87,0,11.18,RU,2021-01-23 22:45:09,clear sky
383,iskateley,67.6803,53.1512,-14.19,86,100,14.07,RU,2021-01-23 22:45:09,overcast clouds
384,kaura namoda,12.5898,6.5779,67.51,22,0,9.78,NG,2021-01-23 22:45:10,clear sky
385,akonolinga,3.7667,12.25,69.21,82,68,3.83,CM,2021-01-23 22:45:10,broken clouds
386,la oroya,-11.5189,-75.8994,49.93,66,74,6.87,PE,2021-01-23 22:45:10,light rain
387,joshimath,30.5667,79.5667,37.94,64,45,2.59,IN,2021-01-23 22:45:10,scattered clouds
388,paramonga,-10.6667,-77.8333,73.42,74,5,7.58,PE,2021-01-23 22:45:10,clear sky
389,plettenberg bay,-34.0527,23.3716,68.07,82,70,10.33,ZA,2021-01-23 22:45:10,light rain
390,ambon,-3.6954,128.1814,78.8,83,40,6.91,ID,2021-01-23 22:45:11,light rain
391,uruacu,-14.5247,-49.1408,73.45,83,66,1.54,BR,2021-01-23 22:45:11,light rain
392,zarubino,42.63,131.0922,20.55,95,25,6.53,RU,2021-01-23 22:45:11,scattered clouds
393,fort nelson,58.8053,-122.7002,1.4,78,75,5.75,CA,2021-01-23 22:42:48,light snow
394,male,4.1748,73.5089,82.4,83,20,8.05,MV,2021-01-23 22:45:11,few clouds
395,harbour breton,47.4833,-55.7983,29.57,90,1,24.81,CA,2021-01-23 22:45:11,clear sky
396,baoro,5.6667,15.9667,70.56,28,61,5.84,CF,2021-01-23 22:45:11,broken clouds
397,waddan,29.1614,16.139,55.17,37,0,5.35,LY,2021-01-23 22:45:12,clear sky
398,sarankhola,22.3082,89.7897,58.87,68,13,2.86,BD,2021-01-23 22:45:12,few clouds
399,amga,60.8953,131.9608,-48.68,74,100,4.03,RU,2021-01-23 22:45:12,overcast clouds
400,inhambane,-23.865,35.3833,80.24,86,100,14.85,MZ,2021-01-23 22:45:12,moderate rain
401,port said,31.2565,32.2841,55.4,82,0,2.3,EG,2021-01-23 22:45:12,clear sky
402,west fargo,46.875,-96.9004,25.0,86,90,13.8,US,2021-01-23 22:45:13,light snow
403,seoul,37.5683,126.9778,32.0,86,0,3.44,KR,2021-01-23 22:45:13,clear sky
404,prince rupert,54.3161,-130.3201,35.6,80,90,11.5,CA,2021-01-23 22:43:05,overcast clouds
405,hualmay,-11.0964,-77.6139,73.74,71,31,7.72,PE,2021-01-23 22:45:13,scattered clouds
406,tecoanapa,16.5167,-98.75,81.79,72,100,7.99,MX,2021-01-23 22:45:13,overcast clouds
407,gold coast,-28.0,153.4333,81.0,57,82,8.05,AU,2021-01-23 22:45:13,light rain
408,saint anthony,45.0205,-93.218,19.0,86,90,10.36,US,2021-01-23 22:42:10,snow
409,mayo,38.8876,-76.5119,33.01,40,1,13.8,US,2021-01-23 22:43:48,clear sky
410,tashara,55.5195,83.5094,-18.24,88,100,5.79,RU,2021-01-23 22:45:14,overcast clouds
411,borodino,55.9106,94.8983,-1.55,91,100,4.74,RU,2021-01-23 22:45:14,overcast clouds
412,wakefield,53.6809,-1.499,32.0,91,0,6.42,GB,2021-01-23 22:41:00,clear sky
413,college,64.8569,-147.8028,23.0,85,75,2.75,US,2021-01-23 22:41:23,broken clouds
414,waipawa,-41.4122,175.5153,69.8,52,74,21.85,NZ,2021-01-23 22:42:29,broken clouds
415,stephenville,32.2207,-98.2023,53.6,87,90,6.91,US,2021-01-23 22:45:15,overcast clouds
416,maniitsoq,65.4167,-52.9,18.64,77,0,4.59,GL,2021-01-23 22:41:57,clear sky
417,quatre cocos,-20.2078,57.7625,79.0,88,40,4.61,MU,2021-01-23 22:45:15,scattered clouds
418,mildura,-34.2,142.15,89.01,24,98,5.75,AU,2021-01-23 22:45:15,overcast clouds
419,vuktyl,63.8567,57.3094,-8.39,84,100,7.36,RU,2021-01-23 22:45:16,overcast clouds
420,miquelon,47.0975,-56.3814,30.2,69,75,19.57,PM,2021-01-23 22:45:16,broken clouds
421,muromtsevo,56.3724,75.2418,-43.11,79,3,5.37,RU,2021-01-23 22:45:16,clear sky
422,saldanha,-33.0117,17.9442,66.2,68,68,13.8,ZA,2021-01-23 22:41:17,broken clouds
423,geraldton,-28.7667,114.6,69.8,68,75,9.22,AU,2021-01-23 22:42:08,broken clouds
424,polczyn-zdroj,53.7642,16.0957,30.0,95,100,7.34,PL,2021-01-23 22:45:18,light rain
425,tazovskiy,67.4667,78.7,-41.46,77,0,3.67,RU,2021-01-23 22:45:18,clear sky
426,loralai,30.3705,68.598,35.17,58,0,5.97,PK,2021-01-23 22:45:18,clear sky
427,komsomolskiy,40.4272,71.7189,24.8,50,58,4.61,UZ,2021-01-23 22:42:47,broken clouds
428,mehran,33.1222,46.1646,32.0,59,0,6.91,IR,2021-01-23 22:45:19,clear sky
429,khani,41.9563,42.9566,41.0,38,0,14.97,GE,2021-01-23 22:41:47,clear sky
430,clyde river,70.4692,-68.5914,-7.6,92,1,4.61,CA,2021-01-23 22:41:29,clear sky
431,penzance,50.1186,-5.5371,42.01,87,40,9.22,GB,2021-01-23 22:45:19,scattered clouds
432,islamkot,24.6997,70.177,58.32,21,0,11.07,PK,2021-01-23 22:45:19,clear sky
433,dalton,34.7698,-84.9702,51.8,23,40,8.05,US,2021-01-23 22:45:19,scattered clouds
434,arlit,18.7369,7.3853,61.68,25,0,7.31,NE,2021-01-23 22:45:19,clear sky
435,pedasi,7.5333,-80.0333,80.69,81,52,14.61,PA,2021-01-23 22:45:20,broken clouds
436,tahta,26.7693,31.5021,48.2,53,0,6.91,EG,2021-01-23 22:45:20,clear sky
437,verkh-usugli,52.7,115.1667,4.89,93,100,2.62,RU,2021-01-23 22:45:20,overcast clouds
438,khandagayty,50.7333,92.05,3.83,85,100,3.96,RU,2021-01-23 22:45:20,light snow
439,sterling,39.0062,-77.4286,30.2,37,1,12.66,US,2021-01-23 22:45:20,clear sky
440,artyom,40.4723,50.333,33.8,93,0,6.91,AZ,2021-01-23 22:45:20,clear sky
441,buala,-8.145,159.5921,84.36,56,100,4.94,SB,2021-01-23 22:37:11,overcast clouds
442,kijang,35.2442,129.2139,48.2,57,75,11.5,KR,2021-01-23 22:45:21,broken clouds
443,svetlogorsk,52.6333,29.7333,31.21,98,67,10.31,BY,2021-01-23 22:45:21,broken clouds
444,adrar,20.5022,-10.0711,64.67,22,6,8.3,MR,2021-01-23 22:45:21,clear sky
445,daru,-9.0763,143.2092,79.77,86,100,11.16,PG,2021-01-23 22:41:12,overcast clouds
446,altamira,-3.2033,-52.2064,74.57,92,54,3.27,BR,2021-01-23 22:45:21,light rain
447,skibbereen,51.55,-9.2667,33.8,93,40,10.36,IE,2021-01-23 22:45:21,scattered clouds
448,mogocha,53.7333,119.7667,-9.89,86,100,2.71,RU,2021-01-23 22:45:22,overcast clouds
449,iaciara,-14.0958,-46.6317,75.47,67,51,4.32,BR,2021-01-23 22:45:22,broken clouds
450,kastamonu,41.5,33.6667,30.56,95,93,1.63,TR,2021-01-23 22:45:22,overcast clouds
451,auki,-8.7676,160.7034,84.34,61,70,5.39,SB,2021-01-23 22:45:22,broken clouds
452,ucluelet,48.9329,-125.5528,44.01,81,75,5.75,CA,2021-01-23 22:41:00,broken clouds
453,wajir,1.7471,40.0573,79.09,62,46,10.49,KE,2021-01-23 22:45:22,scattered clouds
454,natal,-5.795,-35.2094,80.6,74,20,11.5,BR,2021-01-23 22:45:22,few clouds
455,nome,64.5011,-165.4064,32.0,93,90,5.97,US,2021-01-23 22:41:50,snow
456,portland,45.5234,-122.6762,46.99,61,20,3.44,US,2021-01-23 22:40:50,few clouds
457,merauke,-8.4667,140.3333,80.82,82,90,9.46,ID,2021-01-23 22:45:23,light rain
458,thiers,45.8333,3.5,39.2,75,90,4.61,FR,2021-01-23 22:45:23,overcast clouds
459,upata,8.0086,-62.3989,80.01,73,64,5.01,VE,2021-01-23 22:45:24,broken clouds
460,lagoa,39.05,-27.9833,61.09,93,100,22.86,PT,2021-01-23 22:41:51,light rain
461,grindavik,63.8424,-22.4338,30.2,74,75,27.63,IS,2021-01-23 22:45:24,broken clouds
462,iacu,-12.7672,-40.2117,75.7,69,100,8.57,BR,2021-01-23 22:45:24,heavy intensity rain
463,dunedin,-45.8742,170.5036,66.99,54,80,13.0,NZ,2021-01-23 22:45:24,broken clouds
464,kapoeta,4.7717,33.5903,80.26,46,36,8.61,SS,2021-01-23 22:45:24,scattered clouds
465,sulangan,11.1373,123.7228,80.8,77,34,1.41,PH,2021-01-23 22:45:25,scattered clouds
466,leo,11.1,-2.1,71.11,19,41,7.34,BF,2021-01-23 22:45:25,scattered clouds
467,goderich,43.7501,-81.7165,19.4,86,100,5.75,CA,2021-01-23 22:45:25,overcast clouds
468,trapani,37.8333,12.6667,57.99,88,75,17.27,IT,2021-01-23 22:45:25,broken clouds
469,kemin,42.7846,75.6892,14.32,90,100,3.13,KG,2021-01-23 22:45:25,light snow
470,phra phutthabat,14.7253,100.7954,75.0,67,1,5.93,TH,2021-01-23 22:45:25,clear sky
471,beckley,37.7782,-81.1882,28.4,46,1,8.05,US,2021-01-23 22:45:26,clear sky
472,morro bay,35.3658,-120.8499,55.99,76,13,3.0,US,2021-01-23 22:45:26,few clouds
473,tadine,-21.55,167.8833,78.24,81,99,22.91,NC,2021-01-23 22:45:26,overcast clouds
474,key west,24.5557,-81.7826,73.4,68,1,5.75,US,2021-01-23 22:40:46,clear sky
475,aquiraz,-3.9014,-38.3911,82.4,78,40,8.05,BR,2021-01-23 22:45:26,scattered clouds
476,jacqueville,5.2052,-4.4146,78.8,100,20,4.61,CI,2021-01-23 22:45:26,few clouds
477,karpathos,35.507,27.2132,59.0,67,42,13.8,GR,2021-01-23 22:45:27,scattered clouds
478,atar,20.5169,-13.0499,64.74,22,58,6.24,MR,2021-01-23 22:42:49,broken clouds
479,yerbogachen,61.2767,108.0108,-46.66,75,85,1.54,RU,2021-01-23 22:42:13,overcast clouds
480,manzhouli,49.6,117.4333,3.13,89,96,2.68,CN,2021-01-23 22:45:27,overcast clouds
481,shahdadkot,27.8477,67.9055,48.36,37,6,5.59,PK,2021-01-23 22:45:27,clear sky
482,taltal,-25.4,-70.4833,69.66,63,21,4.74,CL,2021-01-23 22:40:20,few clouds
483,charlottetown,46.2352,-63.1267,24.01,80,40,10.36,CA,2021-01-23 22:45:07,scattered clouds
484,solvychegodsk,61.3305,46.9156,10.18,95,100,7.54,RU,2021-01-23 22:45:28,light snow
485,bodden town,19.2833,-81.25,82.4,69,20,9.22,KY,2021-01-23 22:45:28,few clouds
486,fugen,47.35,11.85,28.4,93,75,2.3,AT,2021-01-23 22:45:28,broken clouds
487,ola,59.5833,151.2833,-15.72,81,16,8.99,RU,2021-01-23 22:45:28,few clouds
488,ibipora,-23.2692,-51.0481,82.4,65,40,4.14,BR,2021-01-23 22:45:28,scattered clouds
489,sangar,63.9242,127.4739,-55.5,64,86,4.52,RU,2021-01-23 22:45:28,overcast clouds
490,thabazimbi,-24.5917,27.4116,75.0,60,100,1.99,ZA,2021-01-23 22:45:29,overcast clouds
491,mackenzie,55.2999,-123.1698,10.4,85,90,10.36,CA,2021-01-23 22:42:21,light snow
492,tefe,-3.3542,-64.7114,82.4,83,40,4.61,BR,2021-01-23 22:45:29,scattered clouds
493,barstow,34.8986,-117.0228,51.8,46,90,4.61,US,2021-01-23 22:45:29,overcast clouds
494,najran,17.4924,44.1277,50.0,37,0,1.14,SA,2021-01-23 22:45:29,clear sky
495,diamantino,-14.4086,-56.4461,77.52,75,72,2.1,BR,2021-01-23 22:45:29,broken clouds
496,padang,-0.9492,100.3543,71.6,94,100,3.44,ID,2021-01-23 22:41:23,overcast clouds
497,kruisfontein,-34.0033,24.7314,71.01,73,100,3.0,ZA,2021-01-23 22:36:18,overcast clouds
498,aasiaat,68.7098,-52.8699,11.14,82,9,7.27,GL,2021-01-23 22:45:30,clear sky
499,tilichiki,60.4667,166.1,-11.38,90,0,8.32,RU,2021-01-23 22:41:54,clear sky
500,jamkhed,18.7362,75.3121,70.99,40,6,9.62,IN,2021-01-23 22:45:30,clear sky
501,palm coast,29.585,-81.2078,60.01,88,90,8.05,US,2021-01-23 22:45:30,overcast clouds
502,varhaug,58.6147,5.6457,32.0,93,0,5.75,NO,2021-01-23 22:45:30,clear sky
503,nacala,-14.5428,40.6728,79.27,87,100,6.24,MZ,2021-01-23 22:45:31,overcast clouds
504,seguela,7.9611,-6.6731,72.64,21,9,0.45,CI,2021-01-23 22:45:31,clear sky
505,jian,27.1172,114.9793,45.21,87,0,2.33,CN,2021-01-23 22:45:31,clear sky
506,los llanos de aridane,28.6585,-17.9182,66.2,77,90,4.61,ES,2021-01-23 22:38:10,overcast clouds
507,high level,58.5169,-117.136,-13.0,84,40,2.3,CA,2021-01-23 22:45:31,scattered clouds
508,san rafael,-34.6177,-68.3301,93.96,16,0,13.96,AR,2021-01-23 22:42:05,clear sky
509,havoysund,70.9963,24.6622,14.0,73,75,16.11,NO,2021-01-23 22:45:31,broken clouds
510,westport,41.1415,-73.3579,28.99,39,17,17.18,US,2021-01-23 22:41:55,few clouds
511,ambilobe,-13.2,49.05,73.67,93,8,2.04,MG,2021-01-23 22:41:16,clear sky
512,inirida,3.8653,-67.9239,76.62,89,94,1.28,CO,2021-01-23 22:41:20,overcast clouds
513,paraiso,9.8383,-83.8656,82.4,50,20,17.27,CR,2021-01-23 22:45:32,few clouds
514,corinto,37.9407,22.9573,48.99,74,81,1.01,GR,2021-01-23 22:45:32,light rain
515,teknaf,20.8624,92.3058,59.58,65,8,8.37,BD,2021-01-23 22:45:32,clear sky
516,talakan,50.3167,130.3667,-9.89,88,98,5.44,RU,2021-01-23 22:45:33,overcast clouds
517,fare,-16.7,-151.0167,81.07,73,0,13.91,PF,2021-01-23 22:45:33,clear sky
518,olbia,40.9214,9.4856,53.6,71,20,10.36,IT,2021-01-23 22:45:33,few clouds
519,egvekinot,66.3167,-179.1667,-12.8,86,0,2.3,RU,2021-01-23 22:41:22,clear sky
520,nurota,40.5614,65.6886,24.8,80,7,9.22,UZ,2021-01-23 22:45:33,mist
521,el carmen,8.5106,-73.4478,72.97,72,100,4.92,CO,2021-01-23 22:45:33,overcast clouds
522,boyolangu,-8.1181,111.8935,76.24,79,100,2.53,ID,2021-01-23 22:42:11,overcast clouds
523,middelburg,-25.7751,29.4648,65.35,74,98,4.72,ZA,2021-01-23 22:45:34,overcast clouds
524,rocha,-34.4833,-54.3333,73.2,79,3,11.41,UY,2021-01-23 22:42:35,clear sky
525,athabasca,54.7169,-113.2854,-9.4,70,18,4.47,CA,2021-01-23 22:45:07,few clouds
526,latung,5.5,120.8833,81.59,75,98,6.33,PH,2021-01-23 22:45:34,overcast clouds
527,santa marta,11.2408,-74.199,84.0,67,61,15.01,CO,2021-01-23 22:43:54,broken clouds
528,avera,33.194,-82.5271,57.2,41,1,3.44,US,2021-01-23 22:42:29,clear sky
529,sungairaya,0.7,108.9,76.75,86,100,5.21,ID,2021-01-23 22:45:34,light rain
530,anapolis,-16.3267,-48.9528,77.0,53,40,6.91,BR,2021-01-23 22:45:35,scattered clouds
531,vysokogornyy,50.1167,139.15,0.03,91,85,6.49,RU,2021-01-23 22:45:35,snow
532,klyuchevskiy,53.5317,119.4519,-7.96,88,100,3.11,RU,2021-01-23 22:45:35,overcast clouds
533,puteyets,65.1716,57.091,-11.96,85,100,9.06,RU,2021-01-23 22:45:35,overcast clouds
534,ewa beach,21.3156,-158.0072,80.6,57,20,12.66,US,2021-01-23 22:41:31,few clouds
535,sokoni,-6.4333,39.55,80.96,80,100,10.85,TZ,2021-01-23 22:43:23,overcast clouds
536,andros,37.8333,24.9333,59.0,60,69,11.01,GR,2021-01-23 22:45:36,broken clouds
537,alexandria,31.2156,29.9553,51.8,87,40,4.61,EG,2021-01-23 22:45:36,scattered clouds
538,ixtapa,20.7,-105.2,75.2,78,1,12.66,MX,2021-01-23 22:42:44,clear sky
539,astana,51.1801,71.446,-4.0,77,90,2.24,KZ,2021-01-23 22:45:36,light snow
540,paamiut,61.994,-49.6678,20.41,80,0,8.9,GL,2021-01-23 22:37:29,clear sky
541,lata,40.1629,-8.3327,57.0,93,87,7.14,PT,2021-01-23 22:45:37,overcast clouds
542,pietermaritzburg,-29.6168,30.3928,78.01,92,0,4.92,ZA,2021-01-23 22:45:37,clear sky
543,denpasar,-8.65,115.2167,77.0,94,20,2.3,ID,2021-01-23 22:42:22,few clouds
544,wawa,9.9022,4.4192,76.6,19,0,7.52,NG,2021-01-23 22:45:37,clear sky
545,alpena,45.0617,-83.4327,24.8,54,90,7.4,US,2021-01-23 22:45:37,overcast clouds
546,kamenka,51.3223,42.7678,33.42,97,100,11.01,RU,2021-01-23 22:45:37,overcast clouds
547,dwarka,22.2394,68.9678,68.07,60,0,13.44,IN,2021-01-23 22:41:55,clear sky
548,tongling,30.95,117.7833,39.06,94,6,6.85,CN,2021-01-23 22:45:38,clear sky
549,ancud,-41.8697,-73.8203,64.4,68,0,8.05,CL,2021-01-23 22:41:39,clear sky
550,kismayo,-0.3582,42.5454,77.52,85,1,14.29,SO,2021-01-23 22:41:53,clear sky
551,millbrook,32.4799,-86.3619,60.8,31,75,2.46,US,2021-01-23 22:45:38,broken clouds
552,uyuni,-20.4597,-66.825,57.81,44,36,5.12,BO,2021-01-23 22:45:38,scattered clouds
553,scottsbluff,41.8666,-103.6672,30.2,69,90,12.66,US,2021-01-23 22:45:39,snow
554,loandjili,-4.7561,11.8578,76.53,82,100,1.79,CG,2021-01-23 22:45:39,overcast clouds
555,kosh-agach,50.0,88.6667,-17.0,76,99,1.05,RU,2021-01-23 22:45:39,overcast clouds
556,khandbari,27.3747,87.2039,50.23,63,100,1.57,NP,2021-01-23 22:45:39,overcast clouds
557,yumen,40.2833,97.2,19.35,82,100,23.96,CN,2021-01-23 22:42:33,overcast clouds
558,fort-shevchenko,44.5086,50.263,41.34,79,99,16.49,KZ,2021-01-23 22:45:39,overcast clouds
559,nara,34.6851,135.8049,46.4,93,75,12.66,JP,2021-01-23 22:45:40,broken clouds
560,panama city,8.9936,-79.5197,86.0,70,40,10.36,PA,2021-01-23 22:45:35,scattered clouds
561,hurricane,37.1753,-113.2899,53.01,40,1,5.39,US,2021-01-23 22:45:40,clear sky
562,ise,34.4833,136.7,46.99,97,100,1.01,JP,2021-01-23 22:45:40,overcast clouds
563,loukhi,66.0764,33.0381,11.98,96,100,7.4,RU,2021-01-23 22:45:40,light snow
564,twentynine palms,34.1356,-116.0542,55.4,38,75,9.22,US,2021-01-23 22:45:40,broken clouds
565,sfantu gheorghe,45.8667,25.7833,35.01,80,89,5.99,RO,2021-01-23 22:45:39,overcast clouds
566,beyneu,45.3167,55.2,34.23,92,100,7.56,KZ,2021-01-23 22:42:36,overcast clouds
567,yar-sale,66.8333,70.8333,-40.65,81,16,1.32,RU,2021-01-23 22:42:55,few clouds
568,sola,-13.8833,167.55,82.4,75,85,9.89,VU,2021-01-23 22:41:50,overcast clouds
569,north bend,43.4065,-124.2243,50.0,62,90,10.36,US,2021-01-23 22:45:41,overcast clouds
570,faya,18.3851,42.4509,55.4,37,0,2.46,SA,2021-01-23 22:45:41,clear sky
571,walvis bay,-22.9575,14.5053,71.01,88,100,5.75,NA,2021-01-23 22:45:42,light rain
572,ecija,37.5422,-5.0826,57.0,100,90,13.8,ES,2021-01-23 22:45:42,overcast clouds
573,illela,13.7292,5.2975,69.17,20,22,10.76,NG,2021-01-23 22:45:42,few clouds
574,pouebo,-20.4,164.5667,81.0,76,97,18.72,NC,2021-01-23 22:45:42,overcast clouds
575,agadez,19.75,10.25,59.02,25,0,10.29,NE,2021-01-23 22:45:42,clear sky
576,ribeira grande,38.5167,-28.7,63.32,87,100,30.53,PT,2021-01-23 22:41:41,light rain
577,praya,14.9215,-23.5087,69.8,73,0,12.66,CV,2021-01-23 22:45:42,clear sky
578,perth,-31.9333,115.8333,69.01,88,40,4.61,AU,2021-01-23 22:41:23,scattered clouds
579,welahan,-6.8,110.7167,78.8,83,20,3.44,ID,2021-01-23 22:45:43,heavy intensity rain
580,novosergiyevka,52.0934,53.6528,18.1,97,100,9.8,RU,2021-01-23 22:45:43,snow
581,teguldet,57.3064,88.1667,-5.49,92,100,4.03,RU,2021-01-23 22:45:43,overcast clouds
582,rovigo,45.08,11.793,41.0,78,92,1.99,IT,2021-01-23 22:45:43,overcast clouds
583,altamont,42.2068,-121.7372,43.0,48,1,4.61,US,2021-01-23 22:45:43,clear sky
584,yaan,7.3833,8.5667,78.82,17,100,4.9,NG,2021-01-23 22:45:44,overcast clouds
585,deputatskiy,69.3,139.9,-36.47,85,100,1.21,RU,2021-01-23 22:42:28,overcast clouds
586,parabel,58.6978,81.4825,-49.45,76,53,5.66,RU,2021-01-23 22:45:44,broken clouds
587,eha amufu,6.6592,7.7596,74.59,27,99,5.41,NG,2021-01-23 22:45:44,overcast clouds
588,vanimo,-2.6741,141.3028,82.69,69,98,3.22,PG,2021-01-23 22:45:44,overcast clouds
589,altay,47.8667,88.1167,0.61,76,87,1.99,CN,2021-01-23 22:45:45,light snow
590,omboue,-1.5746,9.2618,77.52,85,98,4.81,GA,2021-01-23 22:42:17,overcast clouds
591,mbanza-ngungu,-5.25,14.8667,67.96,100,100,4.79,CD,2021-01-23 22:41:48,overcast clouds
592,talcahuano,-36.7167,-73.1167,62.6,82,0,9.22,CL,2021-01-23 22:40:15,clear sky
593,beaumont,30.0861,-94.1019,64.4,88,90,3.44,US,2021-01-23 22:45:45,overcast clouds
594,belmonte,-15.8631,-38.8828,78.8,73,40,6.91,BR,2021-01-23 22:42:03,scattered clouds
595,vilhena,-12.7406,-60.1458,71.6,100,75,4.61,BR,2021-01-23 22:45:45,broken clouds
596,roberval,48.5168,-72.2324,8.6,66,75,23.02,CA,2021-01-23 22:45:46,snow
597,haines junction,60.7522,-137.5108,6.8,85,100,1.14,CA,2021-01-23 22:42:35,overcast clouds
598,karaton,-6.3424,106.1045,80.01,94,90,11.5,ID,2021-01-23 22:45:46,overcast clouds
599,atambua,-9.1061,124.8925,77.16,87,98,2.51,ID,2021-01-23 22:45:46,moderate rain
600,mbigou,-1.9005,11.906,66.88,98,100,2.15,GA,2021-01-23 22:45:46,overcast clouds
601,asfi,32.2994,-9.2372,56.41,78,66,10.74,MA,2021-01-23 22:43:37,broken clouds
602,flinders,-34.5833,150.8552,80.01,81,0,10.0,AU,2021-01-23 22:41:52,clear sky
603,volovo,48.5246,23.5056,30.99,97,100,4.29,UA,2021-01-23 22:45:47,overcast clouds
604,dubbo,-32.25,148.6167,86.0,32,0,13.8,AU,2021-01-23 22:44:22,clear sky
605,senanga,-16.1167,23.2667,67.57,95,100,3.96,ZM,2021-01-23 22:45:47,light rain
606,semporna,4.4818,118.6112,73.4,100,20,5.46,MY,2021-01-23 22:45:37,few clouds
607,khurba,50.4072,136.8819,-4.56,91,63,1.39,RU,2021-01-23 22:45:47,broken clouds
608,aracati,-4.5617,-37.7697,80.76,76,28,14.56,BR,2021-01-23 22:45:47,scattered clouds
609,hamilton,39.1834,-84.5333,33.01,40,75,6.91,US,2021-01-23 22:37:04,broken clouds
610,kloulklubed,7.0419,134.2556,82.99,78,99,17.49,PW,2021-01-23 22:41:50,light rain
611,smithers,54.7804,-127.1743,12.2,73,75,5.75,CA,2021-01-23 22:45:48,broken clouds
612,bonthe,7.5264,-12.505,77.59,83,2,8.16,SL,2021-01-23 22:45:48,clear sky
613,keti bandar,24.1447,67.4497,61.2,27,0,7.96,PK,2021-01-23 22:45:48,clear sky
614,hokitika,-42.7167,170.9667,57.76,71,100,5.12,NZ,2021-01-23 22:45:49,overcast clouds
615,haradok,55.4624,29.9816,35.13,98,100,10.18,BY,2021-01-23 22:45:49,overcast clouds
616,bolshaya glushitsa,50.2406,43.5908,36.0,89,95,8.99,RU,2021-01-23 22:45:49,moderate rain
617,millinocket,45.6573,-68.7098,15.8,62,20,12.66,US,2021-01-23 22:45:49,few clouds
618,mecca,21.4267,39.8261,73.72,49,0,4.59,SA,2021-01-23 22:41:55,clear sky
619,kuching,1.55,110.3333,77.0,94,40,2.3,MY,2021-01-23 22:45:49,scattered clouds
620,hasaki,35.7333,140.8333,39.2,100,75,18.41,JP,2021-01-23 22:42:34,light rain
621,hermon,44.8101,-68.9134,19.4,49,20,18.41,US,2021-01-23 22:45:49,few clouds
622,ulagan,50.6321,87.9563,-0.22,85,100,1.74,RU,2021-01-23 22:45:50,overcast clouds
623,xingyi,24.1877,102.817,44.02,94,1,4.34,CN,2021-01-23 22:45:50,clear sky
624,batagay,67.6333,134.6333,-45.4,77,99,0.63,RU,2021-01-23 22:45:50,overcast clouds
625,myingyan,21.4667,95.3833,53.6,87,10,1.99,MM,2021-01-23 22:45:50,mist
626,volzhsk,55.8664,48.3594,24.8,93,90,13.42,RU,2021-01-23 22:45:50,snow
627,sihora,23.4833,80.1167,55.81,39,10,1.25,IN,2021-01-23 22:45:50,clear sky
628,shahrud,36.4182,54.9763,27.19,74,100,1.9,IR,2021-01-23 22:45:51,overcast clouds
629,maragheh,37.3917,46.2398,14.59,68,7,1.66,IR,2021-01-23 22:45:51,clear sky
630,kandrian,-6.2167,149.55,84.4,64,100,8.88,PG,2021-01-23 22:45:51,overcast clouds
631,buckeye,33.3703,-112.5838,61.0,59,75,8.05,US,2021-01-23 22:45:00,broken clouds
632,margate,51.3813,1.3862,36.0,78,0,5.99,GB,2021-01-23 22:42:41,clear sky
633,avallon,47.4833,3.9,37.99,88,100,1.01,FR,2021-01-23 22:45:51,overcast clouds
634,sokoto,13.0609,5.239,68.31,21,27,9.89,NG,2021-01-23 22:45:52,scattered clouds
635,maputo,-25.9653,32.5892,81.0,89,75,4.61,MZ,2021-01-23 22:45:52,broken clouds
636,praia da vitoria,38.7333,-27.0667,62.01,88,75,24.79,PT,2021-01-23 22:42:30,broken clouds
637,itoman,26.1247,127.6694,66.2,72,75,19.57,JP,2021-01-23 22:45:52,broken clouds
638,khromtau,50.2503,58.4347,4.84,95,94,10.38,KZ,2021-01-23 22:41:10,overcast clouds
639,linxia,35.6003,103.2064,26.92,76,94,0.43,CN,2021-01-23 22:41:28,overcast clouds
640,acari,-15.4311,-74.6158,75.36,63,11,7.72,PE,2021-01-23 22:45:52,few clouds
641,cam ranh,11.9214,109.1591,69.8,83,20,3.44,VN,2021-01-23 22:45:53,few clouds
642,aborlan,9.4352,118.5492,75.2,94,20,4.61,PH,2021-01-23 22:45:53,light rain
643,bose,45.4612,8.0137,39.99,70,69,4.32,IT,2021-01-23 22:45:53,broken clouds
644,hinton,53.4001,-117.5857,17.6,53,70,3.44,CA,2021-01-23 22:45:53,broken clouds
645,nipawin,53.3668,-104.0009,-5.8,71,90,9.22,CA,2021-01-23 22:45:53,overcast clouds
646,punta alta,-38.8759,-62.0736,89.44,33,7,18.48,AR,2021-01-23 22:41:06,clear sky
647,iraquara,-12.2486,-41.6194,71.19,66,100,4.74,BR,2021-01-23 22:45:54,overcast clouds
648,manyana,-23.4,21.7167,74.55,26,0,7.18,BW,2021-01-23 22:45:54,clear sky
649,takoradi,4.8845,-1.7554,79.0,84,44,7.58,GH,2021-01-23 22:45:54,scattered clouds
650,zelenogradsk,54.9589,20.4767,41.0,87,90,13.42,RU,2021-01-23 22:45:54,overcast clouds
651,bambanglipuro,-7.95,110.2833,77.14,82,92,4.12,ID,2021-01-23 22:45:54,light rain
652,pitkyaranta,61.5734,31.4792,32.67,96,100,10.11,RU,2021-01-23 22:45:55,snow
653,jiaonan,35.8786,119.9753,30.99,100,90,4.47,CN,2021-01-23 22:45:55,fog
654,porto belo,-27.1578,-48.5531,78.01,94,75,11.45,BR,2021-01-23 22:41:34,broken clouds
655,barvinkove,48.9097,37.0205,38.1,92,92,11.12,UA,2021-01-23 22:45:55,overcast clouds
656,ushtobe,45.2514,77.9838,23.02,95,100,19.6,KZ,2021-01-23 22:42:01,overcast clouds
657,nouadhibou,20.931,-17.0347,67.57,67,18,15.1,MR,2021-01-23 22:41:20,few clouds
658,puerto ayacucho,5.6639,-67.6236,79.54,80,89,5.88,VE,2021-01-23 22:45:55,overcast clouds
659,lasa,46.6166,10.7002,33.8,93,40,3.44,IT,2021-01-23 22:41:56,light snow
660,magdalena,14.1999,121.429,78.8,89,20,2.3,PH,2021-01-23 22:45:56,few clouds
661,cortez,37.3489,-108.5859,41.0,65,75,12.66,US,2021-01-23 22:45:56,broken clouds
662,mitzic,0.7821,11.549,69.13,97,100,3.4,GA,2021-01-23 22:45:56,overcast clouds
663,huangmei,30.1924,116.025,40.77,89,0,6.11,CN,2021-01-23 22:42:05,clear sky
664,zhuzhou,27.8333,113.15,37.4,100,0,8.95,CN,2021-01-23 22:45:56,mist
665,cacoal,-11.4386,-61.4472,76.28,90,50,1.7,BR,2021-01-23 22:45:56,light rain
666,stettler,52.3168,-112.7186,-4.0,100,100,8.05,CA,2021-01-23 22:45:57,overcast clouds
667,shakawe,-18.3667,21.85,69.42,85,99,2.77,BW,2021-01-23 22:45:57,overcast clouds
668,karasjok,69.4719,25.5112,6.8,72,90,11.5,NO,2021-01-23 22:45:57,overcast clouds
669,concordia,-31.393,-58.0209,91.4,49,40,11.5,AR,2021-01-23 22:45:57,scattered clouds
670,novikovo,51.1537,37.8879,34.92,97,100,6.96,RU,2021-01-23 22:45:57,overcast clouds
671,murindo,6.9848,-76.7544,77.63,91,100,2.98,CO,2021-01-23 22:45:57,light rain
672,truro,50.2653,-5.0544,35.6,80,58,9.22,GB,2021-01-23 22:45:58,broken clouds
673,salinas,36.6777,-121.6555,55.99,62,75,10.36,US,2021-01-23 22:45:58,broken clouds
674,camacha,33.0833,-16.3333,60.8,94,40,6.38,PT,2021-01-23 22:45:58,scattered clouds
675,morwell,-38.2333,146.4,81.0,51,4,4.0,AU,2021-01-23 22:45:58,clear sky
676,kieta,-6.2167,155.6333,83.16,61,99,5.55,PG,2021-01-23 22:41:27,overcast clouds
677,umm lajj,25.0213,37.2685,71.02,43,0,9.19,SA,2021-01-23 22:42:50,clear sky
678,zagra,47.3333,24.2833,38.16,78,99,3.04,RO,2021-01-23 22:45:58,overcast clouds
679,saint-prosper,46.2117,-70.4811,10.4,79,100,5.75,CA,2021-01-23 22:45:59,overcast clouds
680,baoying,33.2292,119.3092,33.53,92,95,4.12,CN,2021-01-23 22:45:59,overcast clouds
681,kailua,21.4022,-157.7394,80.6,69,90,16.11,US,2021-01-23 22:42:27,overcast clouds
682,klimovsk,55.3647,37.525,33.8,100,90,4.47,RU,2021-01-23 22:45:59,mist
683,methoni,36.8197,21.7049,53.01,100,58,3.44,GR,2021-01-23 22:45:59,light rain
684,kem,64.9555,34.5793,17.78,97,100,5.79,RU,2021-01-23 22:45:59,light snow
685,angoche,-16.2325,39.9086,79.27,89,100,9.31,MZ,2021-01-23 22:46:00,overcast clouds
686,zhicheng,30.2956,111.5047,44.01,89,42,3.2,CN,2021-01-23 22:46:00,scattered clouds
687,wukari,7.85,9.7833,74.46,20,94,4.23,NG,2021-01-23 22:46:00,overcast clouds
688,kushtagi,15.7667,76.2,68.13,55,1,7.14,IN,2021-01-23 22:46:01,clear sky
689,lagos,6.5833,3.75,77.9,80,100,4.74,NG,2021-01-23 22:46:01,overcast clouds
690,kafue,-15.7691,28.1814,66.18,97,99,4.61,ZM,2021-01-23 22:46:01,overcast clouds
691,manicore,-5.8092,-61.3003,79.66,78,37,2.24,BR,2021-01-23 22:46:01,scattered clouds
692,krasnoarmeysk,51.0239,45.6969,35.01,91,95,3.0,RU,2021-01-23 22:46:01,overcast clouds
693,poum,-20.2333,164.0167,81.05,76,100,11.54,NC,2021-01-23 22:46:01,overcast clouds
694,loding,67.3,14.75,19.4,58,0,21.85,NO,2021-01-23 22:46:01,clear sky
695,petropavlovsk-kamchatskiy,53.0452,158.6483,-2.2,60,20,13.42,RU,2021-01-23 22:41:57,few clouds
696,sungaipenuh,-2.0833,101.3833,63.73,87,100,3.38,ID,2021-01-23 22:46:02,overcast clouds
697,victor harbor,-35.5667,138.6167,95.0,18,100,14.97,AU,2021-01-23 22:46:02,overcast clouds
698,mogadishu,2.0371,45.3438,75.85,82,82,18.54,SO,2021-01-23 22:46:02,broken clouds
699,kaduqli,11.0167,29.7167,69.98,25,0,7.9,SD,2021-01-23 22:46:02,clear sky
